,index,query,name,place_id,google_id,full_address,borough,street,postal_code,area_service,country_code,country,city,us_state,state,plus_code,latitude,longitude,time_zone,popular_times,site,phone,type,logo,description,located_in,located_google_id,category,subtypes,posts,reviews_tags,rating,reviews,photos_count,cid,reviews_link,reviews_id,photo,street_view,working_hours_old_format,working_hours_Monday,working_hours_Tuesday,working_hours_Wednesday,working_hours_Thursday,working_hours_Friday,working_hours_Saturday,working_hours_Sunday,other_hours,business_status,about_Service options_Outdoor seating,about_Service options_Takeout,about_Service options_Dine-in,about_Service options_Delivery,about_Highlights_Fast service,about_Popular for_Lunch,about_Popular for_Dinner,about_Popular for_Solo dining,about_Accessibility_Wheelchair accessible entrance,about_Accessibility_Wheelchair accessible parking lot,about_Accessibility_Wheelchair accessible restroom,about_Accessibility_Wheelchair accessible seating,about_Offerings_Comfort food,about_Offerings_Late-night food,about_Offerings_Quick bite,about_Offerings_Small plates,about_Dining options_Breakfast,about_Dining options_Brunch,about_Dining options_Lunch,about_Dining options_Dinner,about_Dining options_Seating,about_Amenities_Gender-neutral restroom,about_Amenities_Good for kids,about_Amenities_Restroom,about_Atmosphere_Casual,about_Atmosphere_Cozy,about_Crowd_Family-friendly,about_Crowd_Groups,about_Crowd_Tourists,about_Payments_Debit cards,about_Payments_NFC mobile payments,about_Payments_Credit cards,range,reviews_per_score_1,reviews_per_score_2,reviews_per_score_3,reviews_per_score_4,reviews_per_score_5,reservation_links,booking_appointment_link,menu_link,order_links,owner_id,verified,owner_title,owner_link,location_link,about_Offerings_Alcohol,about_Offerings_Beer,about_Amenities_Bar onsite,about_From the business_Identifies as women-owned,about_Service options_No-contact delivery,about_Highlights_Great coffee,about_Highlights_Great dessert,about_Highlights_Live music,about_Offerings_Cocktails,about_Offerings_Coffee,about_Offerings_Happy hour drinks,about_Offerings_Happy hour food,about_Offerings_Hard liquor,about_Offerings_Healthy options,about_Offerings_Kids' menu,about_Offerings_Wine,about_Dining options_Catering,about_Dining options_Counter service,about_Dining options_Dessert,about_Amenities_High chairs,about_Amenities_Wi-Fi,about_Planning_Accepts reservations,about_Other_Identifies as women-owned,reservation_links_0,reservation_links_1,about_Popular for_Breakfast,about_Payments_Cash-only,about_Service options_Online appointments,about_Service options_Onsite services,about_Planning_Appointment required
0,0,90011 CA Restaurants,Tacos Los Carnales,ChIJp8mlj2DIwoARm_b3CAAGKYs,0x80c2c8608fa5c9a7:0x8b29060008f7f69b,"4370 S Central Ave, Los Angeles, CA 90011",South Los Angeles,4370 S Central Ave,90011,False,US,United States of America,Los Angeles,California,California,,34.0041,-118.25630609999999,America/Los_Angeles,,,+1 323-846-1135,Mexican restaurant,https://lh5.googleusercontent.com/-oSvrw96wpnk/AAAAAAAAAAI/AAAAAAAAAAA/LDpDpJmUbE8/s44-p-k-no-ns-nd/photo.jpg,,,,restaurants,"Mexican restaurant, Latin American restaurant",,,4.4,937,138,10027552642537354907,https://search.google.com/local/reviews?placeid=ChIJp8mlj2DIwoARm_b3CAAGKYs&q=90011+CA+Restaurants&authuser=0&hl=en&gl=US,-8419191431172196709,https://lh3.googleusercontent.com/gps-proxy/ALm4wwklzMzRh65-SgHFkxE-pdBTYj7U5Wo4tyedIMHWFrZcFSI_tfuGtDXOzEDT9I0DjSl7bm5WYkfVeobsOEDmevbcPDXIrO6Rl-iTKGZoiuxQ2rWXHaCmoZ0ASDRRm9-UJ3qarAt-mpJ2r-KFsKW7pip93ggZdq15zwfp81p-0bB7HCVCm_Kq5VI5asKDJT6OMmq2FTU=w800-h500-k-no,https://lh3.googleusercontent.com/gps-proxy/ALm4wwklzMzRh65-SgHFkxE-pdBTYj7U5Wo4tyedIMHWFrZcFSI_tfuGtDXOzEDT9I0DjSl7bm5WYkfVeobsOEDmevbcPDXIrO6Rl-iTKGZoiuxQ2rWXHaCmoZ0ASDRRm9-UJ3qarAt-mpJ2r-KFsKW7pip93ggZdq15zwfp81p-0bB7HCVCm_Kq5VI5asKDJT6OMmq2FTU=w1600-h1000-k-no,Monday: 9 AM-12 AM | Tuesday: 9 AM-12 AM | Wednesday: 9 AM-12 AM | Thursday: 9 AM-12 AM | Friday: 9 AM-2 AM | Saturday: 9 AM-2 AM | Sunday: 9 AM-12 AM,9 AM-12 AM,9 AM-12 AM,9 AM-12 AM,9 AM-12 AM,9 AM-2 AM,9 AM-2 AM,9 AM-12 AM,,OPERATIONAL,True,True,True,False,True,True,True,True,True,True,True,True,True,True,True,True,True,True,True,True,True,True,True,True,True,True,True,True,True,True,True,True,$,56,29,69,158,625,,,,,114404762777474576211,True,Tacos Los Carnales,https://www.google.com/maps/contrib/114404762777474576211,"https://www.google.com/maps/place/Tacos+Los+Carnales/@34.0041,-118.25630609999999,14z/data=!4m8!1m2!2m1!1sTacos+Los+Carnales!3m4!1s0x80c2c8608fa5c9a7:0x8b29060008f7f69b!8m2!3d34.0041!4d-118.25630609999999",,,,,,,,,,,,,,,,,,,,,,,,,,,,,,
1,1,90011 CA Restaurants,Fernando's Restaurant,ChIJmdEXznzIwoARTHHSsELKs4c,0x80c2c87cce17d199:0x87b3ca42b0d2714c,"3230 S Central Ave, Los Angeles, CA 90011",South Los Angeles,3230 S Central Ave,90011,False,US,United States of America,Los Angeles,California,California,,34.0139455,-118.2563919,America/Los_Angeles,,,+1 323-231-7036,Restaurant,,,,,restaurants,Restaurant,,,4.2,6,7,9778381603734712652,https://search.google.com/local/reviews?placeid=ChIJmdEXznzIwoARTHHSsELKs4c&q=90011+CA+Restaurants&authuser=0&hl=en&gl=US,-8668362469974838964,https://lh5.googleusercontent.com/p/AF1QipOcxcmro936DpN7Qnjpy5LS-zmQTB6QaPoIsDJ8=w800-h500-k-no,https://lh5.googleusercontent.com/p/AF1QipOcxcmro936DpN7Qnjpy5LS-zmQTB6QaPoIsDJ8=w1600-h1000-k-no,Monday: 11 AM-8 PM | Tuesday: 11 AM-8 PM | Wednesday: 11 AM-8 PM | Thursday: 11 AM-8 PM | Friday: 11 AM-8 PM | Saturday: 11 AM-8 PM | Sunday: 11 AM-8 PM,11 AM-8 PM,11 AM-8 PM,11 AM-8 PM,11 AM-8 PM,11 AM-8 PM,11 AM-8 PM,11 AM-8 PM,,OPERATIONAL,,True,True,False,True,,,,,,,,,,,,,,,,,,,,True,,,True,,,,,,0,1,1,0,4,,,,,,False,Fernando's Restaurant,,"https://www.google.com/maps/place/Fernando%27s+Restaurant/@34.0139455,-118.2563919,14z/data=!4m8!1m2!2m1!1sFernando%27s+Restaurant!3m4!1s0x80c2c87cce17d199:0x87b3ca42b0d2714c!8m2!3d34.0139455!4d-118.2563919",True,True,True,,,,,,,,,,,,,,,,,,,,,,,,,,,
2,2,90011 CA Restaurants,Delicious at The Dunbar,ChIJ920SnzzJwoARqFOG8O28KE0,0x80c2c93c9f126df7:0x4d28bcedf08653a8,"4229 S Central Ave, Los Angeles, CA 90011",South Los Angeles,4229 S Central Ave,90011,False,US,United States of America,Los Angeles,California,California,,34.006864,-118.2567689,America/Los_Angeles,,https://www.deliciousatthedunbar.com/?y_source=1_MTk4ODYwNDctNzE1LWxvY2F0aW9uLndlYnNpdGU%3D,+1 323-918-2087,Southern restaurant (US),https://lh3.googleusercontent.com/-ZxMeam4yN1I/AAAAAAAAAAI/AAAAAAAAAAA/EdTWXOKyF8w/s44-p-k-no-ns-nd/photo.jpg,,,,Southern restaurant (US),"Southern restaurant (US), Mexican restaurant, Soul food restaurant",,,4.4,276,229,5559901470117483432,https://search.google.com/local/reviews?placeid=ChIJ920SnzzJwoARqFOG8O28KE0&q=90011+CA+Restaurants&authuser=0&hl=en&gl=US,5559901470117483432,https://lh5.googleusercontent.com/p/AF1QipMhW3HsGH2umZejIHN_femEbNKDeEoryjY-TjMG=w800-h500-k-no,https://lh5.googleusercontent.com/p/AF1QipMhW3HsGH2umZejIHN_femEbNKDeEoryjY-TjMG=w1600-h1000-k-no,Monday: 9 AM-7 PM | Tuesday: Closed | Wednesday: 9 AM-7 PM | Thursday: 9 AM-7 PM | Friday: 9 AM-9 PM | Saturday: 9 AM-9 PM | Sunday: 9 AM-6 PM,9 AM-7 PM,Closed,9 AM-7 PM,9 AM-7 PM,9 AM-9 PM,9 AM-9 PM,9 AM-6 PM,,OPERATIONAL,,True,True,True,True,True,True,True,True,True,True,True,True,,,True,True,True,True,True,True,True,True,True,True,True,True,True,True,True,True,True,$$,10,10,16,56,184,,https://www.deliciousatthedunbar.com/delicious,,,116507916434321401749,True,Delicious at The Dunbar,https://www.google.com/maps/contrib/116507916434321401749,"https://www.google.com/maps/place/Delicious+at+The+Dunbar/@34.006864,-118.2567689,14z/data=!4m8!1m2!2m1!1sDelicious+at+The+Dunbar!3m4!1s0x80c2c93c9f126df7:0x4d28bcedf08653a8!8m2!3d34.006864!4d-118.2567689",True,True,True,True,True,True,True,True,True,True,True,True,True,True,True,True,True,True,True,True,True,True,True,https://www.deliciousatthedunbar.com/delicious,https://www.opentable.com/restaurant/profile/1081732?ref=1068,,,,,
3,3,90011 CA Restaurants,Los Compadres Restaurante,ChIJEV7-cIDIwoARbA-5vkzwQog,0x80c2c88070fe5e11:0x8842f04cbeb90f6c,"2031 S Central Ave, Los Angeles, CA 90011",South Los Angeles,2031 S Central Ave,90011,False,US,United States of America,Los Angeles,California,California,,34.023091099999995,-118.25205799999999,America/Los_Angeles,,,+1 213-749-8556,Mexican restaurant,,,,,restaurants,"Mexican restaurant, Latin American restaurant",,,4.5,223,54,9818674350029082476,https://search.google.com/local/reviews?placeid=ChIJEV7-cIDIwoARbA-5vkzwQog&q=90011+CA+Restaurants&authuser=0&hl=en&gl=US,-8628069723680469140,https://lh3.googleusercontent.com/gps-proxy/ALm4wwm6wn6lyVH0i1xJXA-WfdT1ffSc2VfEKdjrcaSGddZXc0G7eCnPF0Vla2Vr9N3GK7TVUcsOHu4PGycj1LbegAg9R39_lL4_LiOvdlQP91eAqLEyBZ6_cmK7K_M2DG2MlmSzcUA6rwA0uXaAOwFoVToHyzL5t8o2BUhuKof4PVyhTtZhu8YgsjN3kni5b-VUg0mJ8ew=w800-h500-k-no,https://lh3.googleusercontent.com/gps-proxy/ALm4wwm6wn6lyVH0i1xJXA-WfdT1ffSc2VfEKdjrcaSGddZXc0G7eCnPF0Vla2Vr9N3GK7TVUcsOHu4PGycj1LbegAg9R39_lL4_LiOvdlQP91eAqLEyBZ6_cmK7K_M2DG2MlmSzcUA6rwA0uXaAOwFoVToHyzL5t8o2BUhuKof4PVyhTtZhu8YgsjN3kni5b-VUg0mJ8ew=w1600-h1000-k-no,Monday: 8 AM-5 PM | Tuesday: 8 AM-5 PM | Wednesday: 8 AM-5 PM | Thursday: 8 AM-5 PM | Friday: 8 AM-9 PM | Saturday: 8 AM-9 PM | Sunday: 8 AM-4 PM,8 AM-5 PM,8 AM-5 PM,8 AM-5 PM,8 AM-5 PM,8 AM-9 PM,8 AM-9 PM,8 AM-4 PM,,OPERATIONAL,True,True,True,,,True,True,True,True,True,,True,True,,True,True,,,True,True,True,,True,True,True,True,,True,,True,True,True,$,11,4,14,27,167,,,,,,False,Los Compadres Restaurante,,"https://www.google.com/maps/place/Los+Compadres+Restaurante/@34.023091099999995,-118.25205799999999,14z/data=!4m8!1m2!2m1!1sLos+Compadres+Restaurante!3m4!1s0x80c2c88070fe5e11:0x8842f04cbeb90f6c!8m2!3d34.023091099999995!4d-118.25205799999999",,,,,,,,,,,,,,,,,,,,,,,,,,,,,,
4,4,90011 CA Restaurants,Milagro Salvadorian Restaurante,ChIJC4_aTvnJwoAR3MrZ0wr8AzE,0x80c2c9f94eda8f0b:0x3103fc0ad3d9cadc,"3007 S Central Ave, Los Angeles, CA 90011",South Los Angeles,3007 S Central Ave,90011,False,US,United States of America,Los Angeles,California,California,,34.0149507,-118.2566633,America/Los_Angeles,,https://milagrorestaurante.square.site/,+1 323-676-5066,Restaurant,https://lh5.googleusercontent.com/-nCMnkwyl4jQ/AAAAAAAAAAI/AAAAAAAAAAA/-f24moIrJco/s44-p-k-no-ns-nd/photo.jpg,,,,restaurants,Restaurant,,,4.8,51,104,3531943656222739164,https://search.google.com/local/reviews?placeid=ChIJC4_aTvnJwoAR3MrZ0wr8AzE&q=90011+CA+Restaurants&authuser=0&hl=en&gl=US,3531943656222739164,https://lh5.googleusercontent.com/p/AF1QipMftIb1d9F40lR0lyZjBq0cUlfcCGheIeMwQL62=w800-h500-k-no,https://lh5.googleusercontent.com/p/AF1QipMftIb1d9F40lR0lyZjBq0cUlfcCGheIeMwQL62=w1600-h1000-k-no,Monday: 11 AM-8 PM | Tuesday: 11 AM-8 PM | Wednesday: 11 AM-8 PM | Thursday: 11 AM-8 PM | Friday: 11 AM-8 PM | Saturday: 11 AM-8 PM | Sunday: 11 AM-8 PM,11 AM-8 PM,11 AM-8 PM,11 AM-8 PM,11 AM-8 PM,11 AM-8 PM,11 AM-8 PM,11 AM-8 PM,,OPERATIONAL,,True,True,True,,True,True,True,True,True,,True,True,,True,True,True,,True,True,,,True,,True,True,,True,,True,True,True,$,1,0,0,8,42,,,,,115070121421917189846,True,Milagro Salvadorian Restaurante,https://www.google.com/maps/contrib/115070121421917189846,"https://www.google.com/maps/place/Milagro+Salvadorian+Restaurante/@34.0149507,-118.2566633,14z/data=!4m8!1m2!2m1!1sMilagro+Salvadorian+Restaurante!3m4!1s0x80c2c9f94eda8f0b:0x3103fc0ad3d9cadc!8m2!3d34.0149507!4d-118.2566633",,,,,,,,,,True,,,,,,,,,True,,,True,,,,True,True,,,
5,0,90011 CA Real Estate Agents,Keller Williams Los Angeles,ChIJq6qqqqXHwoARPgs0nIc266o,0x80c2c7a5aaaaaaab:0xaaeb36879c340b3e,"700 Flower St #2900, Los Angeles, CA 90017",Financial District,700 Flower St #2900,90017,False,US,United States of America,Los Angeles,California,California,,34.048280999999996,-118.25894299999999,America/Los_Angeles,,http://www.kwdtla.com/,+1 213-797-7000,Real estate agency,https://lh5.googleusercontent.com/-dFmRGiNxXd4/AAAAAAAAAAI/AAAAAAAAAAA/0TXDfZL41_Y/s44-p-k-no-ns-nd/photo.jpg,,,,Real estate agency,"Real estate agency, Commercial real estate agency, Real estate agent, Real estate consultant, Real estate rental agency",,,4.9,22,25,12315997562043894590,https://search.google.com/local/reviews?placeid=ChIJq6qqqqXHwoARPgs0nIc266o&q=90011+CA+Real+Estate+Agents&authuser=0&hl=en&gl=US,-6130746511665657026,https://lh5.googleusercontent.com/p/AF1QipPKZbzsZzSQJjEkxNw1Zk1jZTHrkVsdyP-yNZcj=w800-h500-k-no,https://lh5.googleusercontent.com/p/AF1QipPKZbzsZzSQJjEkxNw1Zk1jZTHrkVsdyP-yNZcj=w1600-h1000-k-no,Monday: 9 AM-5 PM | Tuesday: 9 AM-5 PM | Wednesday: 9 AM-5 PM | Thursday: 9 AM-5 PM | Friday: 9 AM-5 PM | Saturday: Closed | Sunday: Closed,9 AM-5 PM,9 AM-5 PM,9 AM-5 PM,9 AM-5 PM,9 AM-5 PM,Closed,Closed,,OPERATIONAL,,,,,,,,,True,,,,,,,,,,,,,,,,,,,,,,,,,0,0,0,2,20,,https://kwdowntownla.com/join-keller-williams-realty/,,,106387507789368869603,True,Keller Williams Los Angeles,https://www.google.com/maps/contrib/106387507789368869603,"https://www.google.com/maps/place/Keller+Williams+Los+Angeles/@34.048280999999996,-118.25894299999999,14z/data=!4m8!1m2!2m1!1sKeller+Williams+Los+Angeles!3m4!1s0x80c2c7a5aaaaaaab:0xaaeb36879c340b3e!8m2!3d34.048280999999996!4d-118.25894299999999",,,,,,,,,,,,,,,,,,,,,,,,,,,,,,
6,1,90011 CA Real Estate Agents,"Premier Real Estate Brokerage, Inc.",ChIJRfF9FsjHwoARvtmizLfwRGY,0x80c2c7c8167df145:0x6644f0b7cca2d9be,"1100 S Hope St, Los Angeles, CA 90015",South Park,1100 S Hope St,90015,False,US,United States of America,Los Angeles,California,California,,34.0417363,-118.2633192,America/Los_Angeles,,,+1 213-995-5055,Real estate agency,https://lh6.googleusercontent.com/-Ul7J186usq0/AAAAAAAAAAI/AAAAAAAAAAA/sgzxv7cXc7E/s44-p-k-no-ns-nd/photo.jpg,,,,Real estate agency,Real estate agency,,,4.3,12,3,7369279562487880126,https://search.google.com/local/reviews?placeid=ChIJRfF9FsjHwoARvtmizLfwRGY&q=90011+CA+Real+Estate+Agents&authuser=0&hl=en&gl=US,7369279562487880126,https://streetviewpixels-pa.googleapis.com/v1/thumbnail?panoid=j-iEKhvarwWfLaFH1vTFlg&cb_client=search.gws-prod.gps&w=800&h=500&yaw=159.42065&pitch=0&thumbfov=100,https://lh5.googleusercontent.com/p/AF1QipO50PizEi7iBYHSSfdIk5j5EgCw05p78YtsOCWx=w1600-h1000-k-no,Monday: 10 AM-6 PM | Tuesday: 10 AM-6 PM | Wednesday: 10 AM-6 PM | Thursday: 10 AM-6 PM | Friday: 10 AM-6 PM | Saturday: 11 AM-5 PM | Sunday: 11 AM-5 PM,10 AM-6 PM,10 AM-6 PM,10 AM-6 PM,10 AM-6 PM,10 AM-6 PM,11 AM-5 PM,11 AM-5 PM,,OPERATIONAL,,,,,,,,,True,,,,,,,,,,,,,,,,,,,,,,,,,2,0,0,0,10,,,,,109132415407050154602,True,"Premier Real Estate Brokerage, Inc.",https://www.google.com/maps/contrib/109132415407050154602,"https://www.google.com/maps/place/Premier+Real+Estate+Brokerage%2C+Inc./@34.0417363,-118.2633192,14z/data=!4m8!1m2!2m1!1sPremier+Real+Estate+Brokerage%2C+Inc.!3m4!1s0x80c2c7c8167df145:0x6644f0b7cca2d9be!8m2!3d34.0417363!4d-118.2633192",,,,,,,,,,,,,,,,,,,,,,,,,,,,,,
7,2,90011 CA Real Estate Agents,Downtown Los Angeles Real Estate,ChIJdXyXgkrGwoARMKfH9S5sbE0,0x80c2c64a82977c75:0x4d6c6c2ef5c7a730,"548 S Spring St #1014, Los Angeles, CA 90013",Historic Core,548 S Spring St #1014,90013,False,US,United States of America,Los Angeles,California,California,,34.0461212,-118.25063899999999,America/Los_Angeles,,http://shelhamergroup.com/,+1 310-913-9477,Real estate agency,https://lh5.googleusercontent.com/-Ovn-HJo4pzg/AAAAAAAAAAI/AAAAAAAAAAA/QwZ5hUp0uls/s44-p-k-no-ns-nd/photo.jpg,,,,Real estate agency,"Real estate agency, Real estate agent, Real estate consultant",,,4.9,18,486,5578952987352999728,https://search.google.com/local/reviews?placeid=ChIJdXyXgkrGwoARMKfH9S5sbE0&q=90011+CA+Real+Estate+Agents&authuser=0&hl=en&gl=US,5578952987352999728,https://lh5.googleusercontent.com/p/AF1QipMx5LzLVscg2ypnixFriSKnOTEYTAaZYO-bl2Mc=w800-h500-k-no,https://lh5.googleusercontent.com/p/AF1QipMx5LzLVscg2ypnixFriSKnOTEYTAaZYO-bl2Mc=w1600-h1000-k-no,Monday: Open 24 hours | Tuesday: Open 24 hours | Wednesday: Open 24 hours | Thursday: Open 24 hours | Friday: Open 24 hours | Saturday: Open 24 hours | Sunday: Open 24 hours,Open 24 hours,Open 24 hours,Open 24 hours,Open 24 hours,Open 24 hours,Open 24 hours,Open 24 hours,,OPERATIONAL,,,,,,,,,True,,,,,,,,,,,,,,,,,,,,,,,,,0,0,0,1,17,,https://www.shelhamergroup.com/schedule/,,,116497260226598107372,True,Downtown Los Angeles Real Estate,https://www.google.com/maps/contrib/116497260226598107372,"https://www.google.com/maps/place/Downtown+Los+Angeles+Real+Estate/@34.0461212,-118.25063899999999,14z/data=!4m8!1m2!2m1!1sDowntown+Los+Angeles+Real+Estate!3m4!1s0x80c2c64a82977c75:0x4d6c6c2ef5c7a730!8m2!3d34.0461212!4d-118.25063899999999",,,,,,,,,,,,,,,,,,,,,,,,,,,,,,
8,3,90011 CA Real Estate Agents,The Sunset Team,ChIJFc2QVLy-woARurkRs_dvuzw,0x80c2bebc5490cd15:0x3cbb6ff7b311b9ba,"700 Flower St Suite 2900, Los Angeles, CA 90017",Financial District,700 Flower St Suite 2900,90017,False,US,United States of America,Los Angeles,California,California,,34.048222599999995,-118.2587566,America/Los_Angeles,,http://thesunsetteam.com/,+1 310-274-3900,Real estate agency,https://lh6.googleusercontent.com/-bFNNaxpcnrQ/AAAAAAAAAAI/AAAAAAAAAAA/pdxfqQ4mMZA/s44-p-k-no-ns-nd/photo.jpg,,,,Real estate agency,Real estate agency,,,4.7,32,12,4376214572572457402,https://search.google.com/local/reviews?placeid=ChIJFc2QVLy-woARurkRs_dvuzw&q=90011+CA+Real+Estate+Agents&authuser=0&hl=en&gl=US,4376214572572457402,https://lh5.googleusercontent.com/p/AF1QipPHd-W3iXnGeN5dDgG2cZo1f4v9GqNLLMmRnNaZ=w800-h500-k-no,https://lh5.googleusercontent.com/p/AF1QipPHd-W3iXnGeN5dDgG2cZo1f4v9GqNLLMmRnNaZ=w1600-h1000-k-no,Monday: 9 AM-5 PM | Tuesday: 9 AM-5 PM | Wednesday: 9 AM-5 PM | Thursday: 9 AM-5 PM | Friday: 9 AM-5 PM | Saturday: Closed | Sunday: Closed,9 AM-5 PM,9 AM-5 PM,9 AM-5 PM,9 AM-5 PM,9 AM-5 PM,Closed,Closed,,OPERATIONAL,,,,,,,,,True,,,,,,,,,,,,,,,,,,,,,,,,,2,0,1,0,29,,,,,118145329647456742386,True,The Sunset Team,https://www.google.com/maps/contrib/118145329647456742386,"https://www.google.com/maps/place/The+Sunset+Team/@34.048222599999995,-118.2587566,14z/data=!4m8!1m2!2m1!1sThe+Sunset+Team!3m4!1s0x80c2bebc5490cd15:0x3cbb6ff7b311b9ba!8m2!3d34.048222599999995!4d-118.2587566",,,,,,,,,,,,,,,,,,,,,,,,,,,,True,False,True
9,4,90011 CA Real Estate Agents,Pablo Ramirez Excellence Real Estate South LA Branch,ChIJ30qYPkvJwoARNm9XxdC5s6c,0x80c2c94b3e984adf:0xa7b3b9d0c5576f36,"4335 S Main St unit b, Los Angeles, CA 90037",South Figueroa Corridor,4335 S Main St unit b,90037,False,US,United States of America,Los Angeles,California,California,,34.0045339,-118.27425799999999,America/Los_Angeles,,,+1 626-548-4663,Real estate agency,https://lh6.googleusercontent.com/-5CD9X_Z-uOQ/AAAAAAAAAAI/AAAAAAAAAAA/Xtf3PcPIH_M/s44-p-k-no-ns-nd/photo.jpg,,,,Real estate agency,Real estate agency,,,5.0,3,4,12084206531480350518,https://search.google.com/local/reviews?placeid=ChIJ30qYPkvJwoARNm9XxdC5s6c&q=90011+CA+Real+Estate+Agents&authuser=0&hl=en&gl=US,-6362537542229201098,https://streetviewpixels-pa.googleapis.com/v1/thumbnail?panoid=KkVe0ENRgpvLn1Y5YiqPuA&cb_client=search.gws-prod.gps&w=800&h=500&yaw=248.29927&pitch=0&thumbfov=100,https://lh5.googleusercontent.com/p/AF1QipMcJ6_jVD7FpWC734dUJfQ6-DGWNVB6KmItVCbG=w1600-h1000-k-no,Monday: Closed | Tuesday: 10:30 AM-6 PM | Wednesday: 10:30 AM-6 PM | Thursday: 10:30 AM-6 PM | Friday: 10:30 AM-6 PM | Saturday: 10:30 AM-4 PM | Sunday: Closed,Closed,10:30 AM-6 PM,10:30 AM-6 PM,10:30 AM-6 PM,10:30 AM-6 PM,10:30 AM-4 PM,Closed,,OPERATIONAL,,,,,,,,,True,,,,,,,,,,,,,,,,,,,,,,,,,0,0,0,0,3,,,,,101783391757415751145,True,Pablo Ramirez Excellence Real Estate South LA Branch,https://www.google.com/maps/contrib/101783391757415751145,"https://www.google.com/maps/place/Pablo+Ramirez+Excellence+Real+Estate+South+LA+Branch/@34.0045339,-118.27425799999999,14z/data=!4m8!1m2!2m1!1sPablo+Ramirez+Excellence+Real+Estate+South+LA+Branch!3m4!1s0x80c2c94b3e984adf:0xa7b3b9d0c5576f36!8m2!3d34.0045339!4d-118.27425799999999",,,,,,,,,,,,,,,,,,,,,,,,,,,,,,
