query,name,place_id,google_id,full_address,borough,street,postal_code,area_service,country_code,country,city,us_state,state,plus_code,latitude,longitude,time_zone,popular_times,site,phone,type,logo,description,located_in,located_google_id,category,subtypes,posts,reviews_tags,rating,reviews,photos_count,cid,reviews_link,reviews_id,photo,street_view,working_hours_old_format,working_hours_Monday,working_hours_Tuesday,working_hours_Wednesday,working_hours_Thursday,working_hours_Friday,working_hours_Saturday,working_hours_Sunday,other_hours_0_lunch_Monday,other_hours_0_lunch_Tuesday,other_hours_0_lunch_Wednesday,other_hours_0_lunch_Thursday,other_hours_0_lunch_Friday,other_hours_0_lunch_Saturday,other_hours_0_lunch_Sunday,other_hours_1_dinner_Monday,other_hours_1_dinner_Tuesday,other_hours_1_dinner_Wednesday,other_hours_1_dinner_Thursday,other_hours_1_dinner_Friday,other_hours_1_dinner_Saturday,other_hours_1_dinner_Sunday,other_hours_2_brunch_Monday,other_hours_2_brunch_Tuesday,other_hours_2_brunch_Wednesday,other_hours_2_brunch_Thursday,other_hours_2_brunch_Friday,other_hours_2_brunch_Saturday,other_hours_2_brunch_Sunday,other_hours_3_happy_hours_Monday,other_hours_3_happy_hours_Tuesday,other_hours_3_happy_hours_Wednesday,other_hours_3_happy_hours_Thursday,other_hours_3_happy_hours_Friday,other_hours_3_happy_hours_Saturday,other_hours_3_happy_hours_Sunday,business_status,about_From the business_Identifies as Black-owned,about_From the business_Identifies as women-owned,about_Service options_Outdoor seating,about_Service options_Curbside pickup,about_Service options_No-contact delivery,about_Service options_Delivery,about_Service options_Takeout,about_Service options_Dine-in,about_Highlights_Great cocktails,about_Highlights_Great coffee,about_Popular for_Breakfast,about_Popular for_Lunch,about_Popular for_Dinner,about_Popular for_Solo dining,about_Accessibility_Wheelchair accessible entrance,about_Accessibility_Wheelchair accessible restroom,about_Accessibility_Wheelchair accessible seating,about_Offerings_Alcohol,about_Offerings_Beer,about_Offerings_Cocktails,about_Offerings_Coffee,about_Offerings_Comfort food,about_Offerings_Happy hour drinks,about_Offerings_Happy hour food,about_Offerings_Hard liquor,about_Offerings_Healthy options,about_Offerings_Organic dishes,about_Offerings_Small plates,about_Offerings_Vegetarian options,about_Offerings_Wine,about_Dining options_Breakfast,about_Dining options_Brunch,about_Dining options_Lunch,about_Dining options_Dinner,about_Dining options_Dessert,about_Dining options_Seating,about_Amenities_Bar onsite,about_Amenities_Good for kids,about_Amenities_High chairs,about_Amenities_Restroom,about_Amenities_Wi-Fi,about_Atmosphere_Casual,about_Atmosphere_Cozy,about_Crowd_Family-friendly,about_Crowd_Groups,about_Crowd_Tourists,about_Planning_Dinner reservations recommended,about_Planning_Accepts reservations,about_Payments_Debit cards,about_Payments_NFC mobile payments,about_Payments_Credit cards,about_Other_Identifies as Black-owned,about_Other_Identifies as women-owned,range,reviews_per_score_1,reviews_per_score_2,reviews_per_score_3,reviews_per_score_4,reviews_per_score_5,reservation_links_0,booking_appointment_link,menu_link,order_links,owner_id,verified,owner_title,owner_link,location_link,other_hours_0_kitchen_Monday,other_hours_0_kitchen_Tuesday,other_hours_0_kitchen_Wednesday,other_hours_0_kitchen_Thursday,other_hours_0_kitchen_Friday,other_hours_0_kitchen_Saturday,other_hours_0_kitchen_Sunday,about_Accessibility_Wheelchair accessible parking lot,about_Offerings_Late-night food,about_Offerings_Quick bite,about_Dining options_Catering,about_Amenities_Gender-neutral restroom,about_Atmosphere_Romantic,about_Crowd_LGBTQ+ friendly,about_Crowd_Transgender safespace,about_Planning_Lunch reservations recommended,about_Payments_Checks,about_Other_LGBTQ+ friendly,about_Highlights_Great wine list,about_Atmosphere_Upscale,about_Planning_Usually a wait,about_Highlights_Great dessert,reservation_links_1,other_hours_2_delivery_Monday,other_hours_2_delivery_Tuesday,other_hours_2_delivery_Wednesday,other_hours_2_delivery_Thursday,other_hours_2_delivery_Friday,other_hours_2_delivery_Saturday,other_hours_2_delivery_Sunday,other_hours_3_takeout_Monday,other_hours_3_takeout_Tuesday,other_hours_3_takeout_Wednesday,other_hours_3_takeout_Thursday,other_hours_3_takeout_Friday,other_hours_3_takeout_Saturday,other_hours_3_takeout_Sunday,other_hours_4_brunch_Monday,other_hours_4_brunch_Tuesday,other_hours_4_brunch_Wednesday,other_hours_4_brunch_Thursday,other_hours_4_brunch_Friday,other_hours_4_brunch_Saturday,other_hours_4_brunch_Sunday,about_Highlights_Great tea selection,other_hours_0_delivery_Monday,other_hours_0_delivery_Tuesday,other_hours_0_delivery_Wednesday,other_hours_0_delivery_Thursday,other_hours_0_delivery_Friday,other_hours_0_delivery_Saturday,other_hours_0_delivery_Sunday,other_hours_1_brunch_Monday,other_hours_1_brunch_Tuesday,other_hours_1_brunch_Wednesday,other_hours_1_brunch_Thursday,other_hours_1_brunch_Friday,other_hours_1_brunch_Saturday,other_hours_1_brunch_Sunday,other_hours_2_lunch_Monday,other_hours_2_lunch_Tuesday,other_hours_2_lunch_Wednesday,other_hours_2_lunch_Thursday,other_hours_2_lunch_Friday,other_hours_2_lunch_Saturday,other_hours_2_lunch_Sunday,about_Highlights_Great beer selection,about_Accessibility_Wheelchair accessible elevator,about_Amenities_Dogs allowed,reservation_links,other_hours,about_Highlights_Fast service,other_hours_0_brunch_Monday,other_hours_0_brunch_Tuesday,other_hours_0_brunch_Wednesday,other_hours_0_brunch_Thursday,other_hours_0_brunch_Friday,other_hours_0_brunch_Saturday,other_hours_0_brunch_Sunday,about_Atmosphere_Historic,about_Planning_Reservations required,about_Atmosphere_Trending,order_links_0,other_hours_0_takeout_Monday,other_hours_0_takeout_Tuesday,other_hours_0_takeout_Wednesday,other_hours_0_takeout_Thursday,other_hours_0_takeout_Friday,other_hours_0_takeout_Saturday,other_hours_0_takeout_Sunday,other_hours_1_delivery_Monday,other_hours_1_delivery_Tuesday,other_hours_1_delivery_Wednesday,other_hours_1_delivery_Thursday,other_hours_1_delivery_Friday,other_hours_1_delivery_Saturday,other_hours_1_delivery_Sunday,about_Offerings_Kids' menu,about_Crowd_College students,other_hours_0_happy_hours_Monday,other_hours_0_happy_hours_Tuesday,other_hours_0_happy_hours_Wednesday,other_hours_0_happy_hours_Thursday,other_hours_0_happy_hours_Friday,other_hours_0_happy_hours_Saturday,other_hours_0_happy_hours_Sunday,other_hours_2_takeout_Monday,other_hours_2_takeout_Tuesday,other_hours_2_takeout_Wednesday,other_hours_2_takeout_Thursday,other_hours_2_takeout_Friday,other_hours_2_takeout_Saturday,other_hours_2_takeout_Sunday,other_hours_3_brunch_Monday,other_hours_3_brunch_Tuesday,other_hours_3_brunch_Wednesday,other_hours_3_brunch_Thursday,other_hours_3_brunch_Friday,other_hours_3_brunch_Saturday,other_hours_3_brunch_Sunday
"restaurants, Manhattan, NY, USA",Malibu Farm New York,ChIJD_Iteo1bwokRvCPy9I-S9Ds,0x89c25b8d7a2df20f:0x3bf4928ff4f223bc,"89 South St, New York, NY 10038",Manhattan,89 South St,10038,False,US,United States of America,New York,New York,New York,,40.705759,-74.001505,America/New_York,,https://www.malibufarm.nyc/,+1 212-265-3030,Restaurant,https://lh6.googleusercontent.com/-y87BqmRHIdU/AAAAAAAAAAI/AAAAAAAAAAA/OB0Ov2uVtLc/s44-p-k-no-ns-nd/photo.jpg,Relaxed eatery offering a taste of Malibu via straightforward preparations of local ingredients.,,,restaurants,Restaurant,,,4.2,714,997,4320239089542636476,"https://search.google.com/local/reviews?placeid=ChIJD_Iteo1bwokRvCPy9I-S9Ds&q=restaurants,+Manhattan,+NY,+USA&authuser=0&hl=en&gl=US",4320239089542636476,https://lh5.googleusercontent.com/p/AF1QipPAHZIR_lM96AUjXgJZuYI6jLgKzw4zMuCD4Dwd=w800-h500-k-no,https://lh5.googleusercontent.com/p/AF1QipPAHZIR_lM96AUjXgJZuYI6jLgKzw4zMuCD4Dwd=w1600-h1000-k-no,Monday: 12-9 PM | Tuesday: 12-9 PM | Wednesday: 12-9 PM | Thursday: 12-9 PM | Friday: 12-9 PM | Saturday: 11 AM-9 PM | Sunday: 11 AM-9 PM,12-9 PM,12-9 PM,12-9 PM,12-9 PM,12-9 PM,11 AM-9 PM,11 AM-9 PM,12-4 PM,12-4 PM,12-4 PM,12-4 PM,12-4 PM,Closed,Closed,4-10 PM,4-10 PM,4-10 PM,4-10 PM,4-10 PM,5-10 PM,5-10 PM,Closed,Closed,Closed,Closed,Closed,11 AM-3 PM,11 AM-3 PM,4-6 PM,4-6 PM,4-6 PM,4-6 PM,Closed,Closed,Closed,OPERATIONAL,True,True,True,True,True,True,True,True,True,True,True,True,True,True,True,True,True,True,True,True,True,True,True,True,True,True,True,True,True,True,True,True,True,True,True,True,True,True,True,True,True,True,True,True,True,True,True,True,True,True,True,True,True,$$,47,32,70,167,398,https://resy.com/cities/ny/malibu-farm,https://resy.com/cities/ny/malibu-farm,,,106788826603429450979,True,Malibu Farm New York,https://www.google.com/maps/contrib/106788826603429450979,"https://www.google.com/maps/place/Malibu+Farm+New+York/@40.705759,-74.001505,14z/data=!4m8!1m2!2m1!1sMalibu+Farm+New+York!3m4!1s0x89c25b8d7a2df20f:0x3bf4928ff4f223bc!8m2!3d40.705759!4d-74.001505",,,,,,,,,,,,,,,,,,,,,,,,,,,,,,,,,,,,,,,,,,,,,,,,,,,,,,,,,,,,,,,,,,,,,,,,,,,,,,,,,,,,,,,,,,,,,,,,,,,,,,,,,,,,,,,,,,,,,,,,
"restaurants, Manhattan, NY, USA",1803 NYC,ChIJ0yKXaB9awokR6WFqdEE9aBY,0x89c25a1f689722d3:0x16683d41746a61e9,"82 Reade St, New York, NY 10007",Manhattan,82 Reade St,10007,False,US,United States of America,New York,New York,New York,,40.7154526,-74.0072701,America/New_York,,https://1803nyc.com/,+1 201-596-8722,Creole restaurant,https://lh5.googleusercontent.com/-bYo_YtBoWRE/AAAAAAAAAAI/AAAAAAAAAAA/PDjFuTWHevY/s44-p-k-no-ns-nd/photo.jpg,"Spot for upscale takes on Cajun-Creole food & drink, with a look inspired by NOLA's French Quarter.",,,Creole restaurant,"Creole restaurant, Bar, Event venue, Live music venue, Restaurant",,,4.5,1142,1506,1614607817747620329,"https://search.google.com/local/reviews?placeid=ChIJ0yKXaB9awokR6WFqdEE9aBY&q=restaurants,+Manhattan,+NY,+USA&authuser=0&hl=en&gl=US",1614607817747620329,https://lh5.googleusercontent.com/p/AF1QipNLkJqaNUdCzwq8_kraAS-30GyP55mn3HYXNeRO=w800-h500-k-no,https://lh5.googleusercontent.com/p/AF1QipNLkJqaNUdCzwq8_kraAS-30GyP55mn3HYXNeRO=w1600-h1000-k-no,Monday: 11:30 AM-11 PM | Tuesday: 11:30 AM-12 AM | Wednesday: 11:30 AM-12 AM | Thursday: 11:30 AM-12 AM | Friday: 11:30 AM-12 AM | Saturday: 11 AM-12 AM | Sunday: 11 AM-11 PM,11:30 AM-11 PM,11:30 AM-12 AM,11:30 AM-12 AM,11:30 AM-12 AM,11:30 AM-12 AM,11 AM-12 AM,11 AM-11 PM,,,,,,,,,,,,,,,,,,,,,,,,,,,,,OPERATIONAL,,,True,True,True,True,True,True,,,,True,True,True,True,True,True,True,True,True,True,True,True,True,True,,,True,True,True,True,True,True,True,True,True,True,,True,True,True,True,True,True,True,,True,True,True,True,True,,,$$$,23,33,79,270,737,https://1803nyc.com/#reservation,https://1803nyc.com/#reservation,,,101201380203607404699,True,1803 NYC,https://www.google.com/maps/contrib/101201380203607404699,"https://www.google.com/maps/place/1803+NYC/@40.7154526,-74.0072701,14z/data=!4m8!1m2!2m1!1s1803+NYC!3m4!1s0x89c25a1f689722d3:0x16683d41746a61e9!8m2!3d40.7154526!4d-74.0072701",11:30 AM-10 PM,11:30 AM-11 PM,11:30 AM-11 PM,11:30 AM-11 PM,11:30 AM-11 PM,11 AM-11 PM,11 AM-10 PM,False,True,True,True,True,True,True,True,True,True,True,,,,,,,,,,,,,,,,,,,,,,,,,,,,,,,,,,,,,,,,,,,,,,,,,,,,,,,,,,,,,,,,,,,,,,,,,,,,,,,,,,,,,,,,,,,,,,,,,,,,,,
"restaurants, Manhattan, NY, USA",The Fulton by Jean-Georges,ChIJaXwp6UBbwokR1Ki9x6-BIug,0x89c25b40e9297c69:0xe82281afc7bda8d4,"89 South St, New York, NY 10038",Manhattan,89 South St,10038,False,US,United States of America,New York,New York,New York,,40.7053679,-74.0010551,America/New_York,,http://www.thefulton.nyc/,+1 212-838-1200,Restaurant,https://lh6.googleusercontent.com/-L9v_BOrAXDk/AAAAAAAAAAI/AAAAAAAAAAA/AMtgzAqqAK0/s44-p-k-no-ns-nd/photo.jpg,Waterfront restaurant preparing a modern menu of wild-caught seafood paired with seasonal cocktails.,,,restaurants,"Restaurant, Fine dining restaurant",,,4.3,685,1846,16727074557977798868,"https://search.google.com/local/reviews?placeid=ChIJaXwp6UBbwokR1Ki9x6-BIug&q=restaurants,+Manhattan,+NY,+USA&authuser=0&hl=en&gl=US",-1719669515731752748,https://lh5.googleusercontent.com/p/AF1QipNHxpwMbCQz1_ktGo9efEvpurqwi5YnfIA1hv0j=w800-h500-k-no,https://lh5.googleusercontent.com/p/AF1QipNHxpwMbCQz1_ktGo9efEvpurqwi5YnfIA1hv0j=w1600-h1000-k-no,"Monday: 12-2:30 PM,5-9:30 PM | Tuesday: 12-2:30 PM,5-9:30 PM | Wednesday: 12-2:30 PM,5-9:30 PM | Thursday: 12-2:30 PM,5-9:30 PM | Friday: 12-2:30 PM,5-10 PM | Saturday: 11:30 AM-2:30 PM,5-10 PM | Sunday: 11:30 AM-2:30 PM,5-9:30 PM","12-2:30 PM,5-9:30 PM","12-2:30 PM,5-9:30 PM","12-2:30 PM,5-9:30 PM","12-2:30 PM,5-9:30 PM","12-2:30 PM,5-10 PM","11:30 AM-2:30 PM,5-10 PM","11:30 AM-2:30 PM,5-9:30 PM",11:30 AM-2:30 PM,11:30 AM-2:30 PM,11:30 AM-2:30 PM,11:30 AM-2:30 PM,11:30 AM-2:30 PM,Closed,Closed,5-9:45 PM,5-9:45 PM,5-9:45 PM,5-10:30 PM,5-10:30 PM,5-10:30 PM,5-9:45 PM,Closed,Closed,Closed,Closed,Closed,11:30 AM-2:30 PM,11:30 AM-2:30 PM,,,,,,,,OPERATIONAL,,,True,,True,True,True,True,True,,,True,True,True,True,,True,True,True,True,True,,,,True,,,True,,True,,True,True,True,True,True,True,,True,True,True,,True,,True,True,True,True,,,True,,,$$$,44,30,51,123,437,https://resy.com/cities/ny/the-fulton-by-jean-georges,https://resy.com/cities/ny/the-fulton-by-jean-georges,,,107966061658745481257,True,The Fulton by Jean-Georges,https://www.google.com/maps/contrib/107966061658745481257,"https://www.google.com/maps/place/The+Fulton+by+Jean-Georges/@40.7053679,-74.0010551,14z/data=!4m8!1m2!2m1!1sThe+Fulton+by+Jean-Georges!3m4!1s0x89c25b40e9297c69:0xe82281afc7bda8d4!8m2!3d40.7053679!4d-74.0010551",,,,,,,,False,,,,,True,,,,,,True,True,True,,,,,,,,,,,,,,,,,,,,,,,,,,,,,,,,,,,,,,,,,,,,,,,,,,,,,,,,,,,,,,,,,,,,,,,,,,,,,,,,,,,,,,,,,,,,,,,,,,,
"restaurants, Manhattan, NY, USA",Le Coucou,ChIJyw5j84lZwokRnUI_UknPSNA,0x89c25989f3630ecb:0xd048cf49523f429d,"138 Lafayette St, New York, NY 10013",Manhattan,138 Lafayette St,10013,False,US,United States of America,New York,New York,New York,,40.7191167,-74.0001861,America/New_York,,https://www.lecoucou.com/?utm_source=Google%20My%20Business&utm_medium=Website%20Button,+1 212-271-4252,French restaurant,https://lh3.googleusercontent.com/-NusKOLJ83I0/AAAAAAAAAAI/AAAAAAAAAAA/q52ec4HaNTM/s44-p-k-no-ns-nd/photo.jpg,"Refined French fare, such as lobster, rabbit, duck & foie gras, served in an airy, elegant setting.",,,restaurants,"French restaurant, Breakfast restaurant, Family restaurant, Fine dining restaurant, Modern European restaurant, Modern French restaurant, Restaurant",,,4.5,1296,3064,15008473672031617693,"https://search.google.com/local/reviews?placeid=ChIJyw5j84lZwokRnUI_UknPSNA&q=restaurants,+Manhattan,+NY,+USA&authuser=0&hl=en&gl=US",-3438270401677933923,https://lh5.googleusercontent.com/p/AF1QipOi78ZecvCT_yO7I6Q90_6vIqeuGXhY-hu2yb1D=w800-h500-k-no,https://lh5.googleusercontent.com/p/AF1QipOi78ZecvCT_yO7I6Q90_6vIqeuGXhY-hu2yb1D=w1600-h1000-k-no,"Monday: 11:30 AM-2 PM,5-11 PM | Tuesday: 11:30 AM-2 PM,5-11 PM | Wednesday: 11:30 AM-2 PM,5-11 PM | Thursday: 11:30 AM-2 PM,5-11 PM | Friday: 11:30 AM-2 PM,5-11 PM | Saturday: 11:30 AM-2 PM,5-11 PM | Sunday: 11:30 AM-2 PM,5-10 PM","11:30 AM-2 PM,5-11 PM","11:30 AM-2 PM,5-11 PM","11:30 AM-2 PM,5-11 PM","11:30 AM-2 PM,5-11 PM","11:30 AM-2 PM,5-11 PM","11:30 AM-2 PM,5-11 PM","11:30 AM-2 PM,5-10 PM",11:30 AM-2 PM,11:30 AM-2 PM,11:30 AM-2 PM,11:30 AM-2 PM,11:30 AM-2 PM,11:30 AM-2 PM,11:30 AM-2 PM,5-11 PM,5-11 PM,5-11 PM,5-11 PM,5-11 PM,5-11 PM,5-10 PM,,,,,,,,,,,,,,,OPERATIONAL,,,,,,False,False,True,,True,True,True,True,,True,True,True,True,True,True,True,True,,,,True,True,True,,True,True,True,True,True,True,True,True,,,True,True,,True,True,,True,True,True,True,,True,,,$$$$,43,35,75,187,956,https://lecoucou.com/?utm_source=Google%20My%20Business&utm_medium=Reservation%20Button,https://lecoucou.com/?utm_source=Google%20My%20Business&utm_medium=Reservation%20Button,,,103960476234607402579,True,Le Coucou,https://www.google.com/maps/contrib/103960476234607402579,"https://www.google.com/maps/place/Le+Coucou/@40.7191167,-74.0001861,14z/data=!4m8!1m2!2m1!1sLe+Coucou!3m4!1s0x89c25989f3630ecb:0xd048cf49523f429d!8m2!3d40.7191167!4d-74.0001861",,,,,,,,,,,,,True,True,True,True,,True,,True,,True,https://www.opentable.com/restaurant/profile/214936?ref=1068,,,,,,,,,,,,,,,,,,,,,,,,,,,,,,,,,,,,,,,,,,,,,,,,,,,,,,,,,,,,,,,,,,,,,,,,,,,,,,,,,,,,,,,,,,,,,,,,,
"restaurants, Manhattan, NY, USA",Upland,ChIJWVD7FadZwokRs_pS6XY7VOU,0x89c259a715fb5059:0xe5543b76e952fab3,"345 Park Ave S, New York, NY 10010",Manhattan,345 Park Ave S,10010,False,US,United States of America,New York,New York,New York,,40.7419313,-73.984644,America/New_York,,https://uplandnyc.com/?utm_source=Google+My+Business&utm_medium=Website+Button,+1 212-686-1006,Californian restaurant,https://lh4.googleusercontent.com/-zvSnhN_Mek4/AAAAAAAAAAI/AAAAAAAAAAA/XHbA606mawk/s44-p-k-no-ns-nd/photo.jpg,"Spacious, casually chic brasserie with hearty dishes featuring Californian & Italian influences.",,,Californian restaurant,"Californian restaurant, American restaurant, Bar, Italian restaurant, Takeout Restaurant, Restaurant",,,4.5,1745,4200,16524898314635901619,"https://search.google.com/local/reviews?placeid=ChIJWVD7FadZwokRs_pS6XY7VOU&q=restaurants,+Manhattan,+NY,+USA&authuser=0&hl=en&gl=US",-1921845759073649997,https://lh5.googleusercontent.com/p/AF1QipORoVnJAxy44Y8jgefNA0plAhCWvM6RI7aAixsB=w800-h500-k-no,https://lh5.googleusercontent.com/p/AF1QipORoVnJAxy44Y8jgefNA0plAhCWvM6RI7aAixsB=w1600-h1000-k-no,"Monday: 11:30 AM-3:30 PM,5-10 PM | Tuesday: 11:30 AM-3:30 PM,5-10 PM | Wednesday: 11:30 AM-3:30 PM,5-10 PM | Thursday: 11:30 AM-3:30 PM,5-10 PM | Friday: 11:30 AM-3:30 PM,5-11 PM | Saturday: 10 AM-3 PM,5-11 PM | Sunday: 10 AM-3 PM,5-9 PM","11:30 AM-3:30 PM,5-10 PM","11:30 AM-3:30 PM,5-10 PM","11:30 AM-3:30 PM,5-10 PM","11:30 AM-3:30 PM,5-10 PM","11:30 AM-3:30 PM,5-11 PM","10 AM-3 PM,5-11 PM","10 AM-3 PM,5-9 PM",11:30 AM-3:30 PM,11:30 AM-3:30 PM,11:30 AM-3:30 PM,11:30 AM-3:30 PM,11:30 AM-3:30 PM,Closed,Closed,5-10 PM,5-10 PM,5-10 PM,5-10 PM,5-10 PM,5-10 PM,5-9 PM,,,,,,,,,,,,,,,OPERATIONAL,,,,,,True,True,True,,True,,True,True,True,True,True,True,True,True,True,True,True,,,True,True,,True,True,True,,True,True,True,True,True,True,,True,True,True,,,True,True,True,True,True,True,,True,,,$$$,50,33,110,389,1163,https://resy.com/cities/ny/upland,https://resy.com/cities/ny/upland,,,111762591187585073824,True,Upland,https://www.google.com/maps/contrib/111762591187585073824,"https://www.google.com/maps/place/Upland/@40.7419313,-73.984644,14z/data=!4m8!1m2!2m1!1sUpland!3m4!1s0x89c259a715fb5059:0xe5543b76e952fab3!8m2!3d40.7419313!4d-73.984644",,,,,,,,False,True,,,,True,True,True,True,,True,,True,True,True,https://uplandnyc.com/?utm_source=Google%20My%20Business&utm_medium=Reservation%20Button,"11:30 AM-3:30 PM,5-10 PM","11:30 AM-3:30 PM,5-10 PM","11:30 AM-3:30 PM,5-10 PM","11:30 AM-3:30 PM,5-10 PM",Closed,Closed,"11 AM-3 PM,5-10 PM","11:30 AM-3:30 PM,5-10 PM","11:30 AM-3:30 PM,5-10 PM","11:30 AM-3:30 PM,5-10 PM","11:30 AM-3:30 PM,5-10 PM",Closed,Closed,"11 AM-3 PM,5-10 PM",Closed,Closed,Closed,Closed,Closed,10 AM-3 PM,10 AM-3 PM,True,,,,,,,,,,,,,,,,,,,,,,,,,,,,,,,,,,,,,,,,,,,,,,,,,,,,,,,,,,,,,,,,,,,,,,,,,,,
"restaurants, Manhattan, NY, USA",Momofuku Ssam Bar,ChIJkXQ3_INZwokRbCMEByaQ_VE,0x89c25983fc377491:0x51fd90260704236c,"89 South St Pier 17, New York, NY 10038",Manhattan,89 South St Pier 17,10038,False,US,United States of America,New York,New York,New York,,40.7054623,-74.0016428,America/New_York,,https://ssambar.momofuku.com/,+1 212-254-3500,Restaurant,https://lh3.googleusercontent.com/-wRWLSSJhOqM/AAAAAAAAAAI/AAAAAAAAAAA/1YjzVHMZCGk/s44-p-k-no-ns-nd/photo.jpg,Pork dishes are prominently featured at this bustling Asian eatery from chef David Chang.,,,restaurants,"Restaurant, Steak house",,,4.4,1748,3018,5908036779180827500,"https://search.google.com/local/reviews?placeid=ChIJkXQ3_INZwokRbCMEByaQ_VE&q=restaurants,+Manhattan,+NY,+USA&authuser=0&hl=en&gl=US",5908036779180827500,https://lh5.googleusercontent.com/p/AF1QipNpM69YUixPnSG8pcBIq_5Iedn-zLyPF-7hOM9X=w800-h500-k-no,https://lh5.googleusercontent.com/p/AF1QipNpM69YUixPnSG8pcBIq_5Iedn-zLyPF-7hOM9X=w1600-h1000-k-no,"Monday: 5-9 PM | Tuesday: 5-9 PM | Wednesday: 5-9 PM | Thursday: 5-9 PM | Friday: 5-10 PM | Saturday: 12-2:30 PM,5-10 PM | Sunday: 12-2:30 PM,5-9 PM",5-9 PM,5-9 PM,5-9 PM,5-9 PM,5-10 PM,"12-2:30 PM,5-10 PM","12-2:30 PM,5-9 PM",,,,,,,,,,,,,,,,,,,,,,,,,,,,,OPERATIONAL,,,,,,True,True,True,True,,,,True,True,True,True,True,True,True,True,True,True,True,,,,,True,,True,,True,,True,True,True,True,True,True,True,True,True,True,True,True,True,True,True,True,True,True,,,$$$,56,48,134,373,1137,,,,,115287156292193056136,True,Momofuku Ssam Bar,https://www.google.com/maps/contrib/115287156292193056136,"https://www.google.com/maps/place/Momofuku+Ssam+Bar/@40.7054623,-74.0016428,14z/data=!4m8!1m2!2m1!1sMomofuku+Ssam+Bar!3m4!1s0x89c25983fc377491:0x51fd90260704236c!8m2!3d40.7054623!4d-74.0016428",,,,,,,,,,,,True,,True,True,,,True,True,True,True,,,,,,,,,,,,,,,,,,,,,,,,,5-9 PM,5-9 PM,5-9 PM,5-9 PM,5-9 PM,"12-3 PM,5-9 PM","12-3 PM,5-9 PM",Closed,Closed,Closed,Closed,Closed,12-3 PM,12-3 PM,Closed,Closed,Closed,Closed,Closed,12-3 PM,12-3 PM,True,True,True,,,,,,,,,,,,,,,,,,,,,,,,,,,,,,,,,,,,,,,,,,,,,,,,,,,
"restaurants, Manhattan, NY, USA",Felice,ChIJtb0E3RdawokRqLP-FNIxvf8,0x89c25a17dd04bdb5:0xffbd31d214feb3a8,"15 Gold St, New York, NY 10038",Manhattan,15 Gold St,10038,False,US,United States of America,New York,New York,New York,,40.7078509,-74.007046,America/New_York,,http://www.felice15goldstreet.com/,+1 212-785-5950,Italian restaurant,https://lh5.googleusercontent.com/-vFcjKiSl9wI/AAAAAAAAAAI/AAAAAAAAAAA/gvR0PTdoz_U/s44-p-k-no-ns-nd/photo.jpg,Sleek outpost with warm leather & wood decor offering Tuscan fare & a long list of Italian wines.,,,restaurants,"Italian restaurant, Bar, Restaurant",,,4.5,764,458,18427940028635067304,"https://search.google.com/local/reviews?placeid=ChIJtb0E3RdawokRqLP-FNIxvf8&q=restaurants,+Manhattan,+NY,+USA&authuser=0&hl=en&gl=US",-18804045074484312,https://lh5.googleusercontent.com/p/AF1QipMtvNwXTCfCmV7KaWTIJkNj3IVcL6ezS6cjvGYl=w800-h500-k-no,https://lh5.googleusercontent.com/p/AF1QipMtvNwXTCfCmV7KaWTIJkNj3IVcL6ezS6cjvGYl=w1600-h1000-k-no,Monday: 8 AM-10 PM | Tuesday: 8 AM-10 PM | Wednesday: 8 AM-11 PM | Thursday: 8 AM-11 PM | Friday: 8 AM-11 PM | Saturday: 8:30 AM-11 PM | Sunday: 8:30 AM-10 PM,8 AM-10 PM,8 AM-10 PM,8 AM-11 PM,8 AM-11 PM,8 AM-11 PM,8:30 AM-11 PM,8:30 AM-10 PM,,,,,,,,,,,,,,,,,,,,,,,,,,,,,OPERATIONAL,,,,,,True,True,True,,True,,True,True,True,True,,True,True,True,True,True,,True,,,,True,,True,True,True,True,True,True,True,True,True,,,True,,True,True,,True,True,True,True,True,True,True,,,$$,14,16,58,193,483,https://resy.com/cities/ny/felice-15-gold-street,https://resy.com/cities/ny/felice-15-gold-street,,,117456704549652838697,True,Felice,https://www.google.com/maps/contrib/117456704549652838697,"https://www.google.com/maps/place/Felice/@40.7078509,-74.007046,14z/data=!4m8!1m2!2m1!1sFelice!3m4!1s0x89c25a17dd04bdb5:0xffbd31d214feb3a8!8m2!3d40.7078509!4d-74.007046",,,,,,,,,,,,,True,,,True,,,,True,,,,,,,,,,,,,,,,,,,,,,,,,,,,,,,,,,,,,,,,,,,,,,,,,,,,True,,,,,,,,,,,,,,,,,,,,,,,,,,,,,,,,,,,,,,,,,,,,,,,,
"restaurants, Manhattan, NY, USA",Minetta Tavern,ChIJeQcZlpFZwokRjoemq-_w9QA,0x89c2599196190779:0xf5f0efaba6878e,"113 MacDougal St, New York, NY 10012",Manhattan,113 MacDougal St,10012,False,US,United States of America,New York,New York,New York,,40.7299881,-74.0007016,America/New_York,,http://www.minettatavernny.com/,+1 212-475-3850,French restaurant,https://lh3.googleusercontent.com/-XJRtyjzqbqo/AAAAAAAAAAI/AAAAAAAAAAA/Y9dYsk2nkZQ/s44-p-k-no-ns-nd/photo.jpg,Celeb-magnet hot-ticket tavern with upper-end French bistro fare & reimagined vintage decor.,,,restaurants,"French restaurant, Bar, Brunch restaurant, Hamburger restaurant, Restaurant",,,4.5,1896,2068,69226281461778318,"https://search.google.com/local/reviews?placeid=ChIJeQcZlpFZwokRjoemq-_w9QA&q=restaurants,+Manhattan,+NY,+USA&authuser=0&hl=en&gl=US",69226281461778318,https://lh5.googleusercontent.com/p/AF1QipPQkM76eMm6bBOY0rdjykk7oUoXxpJ1HmCxPauW=w800-h500-k-no,https://lh5.googleusercontent.com/p/AF1QipPQkM76eMm6bBOY0rdjykk7oUoXxpJ1HmCxPauW=w1600-h1000-k-no,Monday: 5 PM-12 AM | Tuesday: 5 PM-12 AM | Wednesday: 5 PM-12 AM | Thursday: 12-3 PM | Friday: 12-3 PM | Saturday: 11 AM-12 AM | Sunday: 11 AM-12 AM,5 PM-12 AM,5 PM-12 AM,5 PM-12 AM,12-3 PM,12-3 PM,11 AM-12 AM,11 AM-12 AM,,,,,,,,,,,,,,,,,,,,,,,,,,,,,OPERATIONAL,,,,True,,True,True,True,,True,,True,True,True,,,True,True,True,True,True,,,,,,,,,True,,True,True,True,True,,True,,,True,,,True,,True,True,True,True,True,True,True,,,$$$,55,37,121,385,1298,https://resy.com/cities/ny/minetta-tavern,https://resy.com/cities/ny/minetta-tavern,,,109530298690083443188,True,Minetta Tavern,https://www.google.com/maps/contrib/109530298690083443188,"https://www.google.com/maps/place/Minetta+Tavern/@40.7299881,-74.0007016,14z/data=!4m8!1m2!2m1!1sMinetta+Tavern!3m4!1s0x89c2599196190779:0xf5f0efaba6878e!8m2!3d40.7299881!4d-74.0007016",,,,,,,,False,True,,,,True,,,True,,,,True,True,True,,,,,,,,,,,,,,,,,,,,,,,,,,,,,,,,,,,,,,,,,,,,,,,,,,,Closed,Closed,Closed,Closed,Closed,11 AM-3 PM,11 AM-3 PM,True,True,,,,,,,,,,,,,,,,,,,,,,,,,,,,,,,,,,,,,,,
"restaurants, Manhattan, NY, USA",Carne Mare,ChIJBaD9A0ZbwokRu6ArQW3Nj1E,0x89c25b4603fda005:0x518fcd6d412ba0bb,"89 South St, New York, NY 10038",Manhattan,89 South St,10038,False,US,United States of America,New York,New York,New York,,40.705645,-74.0021484,America/New_York,,https://www.carnemare.com/,+1 212-280-4600,Chophouse restaurant,https://lh5.googleusercontent.com/-JfdVIWMP9LI/AAAAAAAAAAI/AAAAAAAAAAA/YCK6Q2czHrw/s44-p-k-no-ns-nd/photo.jpg,"Warm spot offering seafood, oysters & prime-aged beef, plus a bar & views of the Brooklyn Bridge.",,,restaurants,Chophouse restaurant,,,4.6,270,808,5877141907870294203,"https://search.google.com/local/reviews?placeid=ChIJBaD9A0ZbwokRu6ArQW3Nj1E&q=restaurants,+Manhattan,+NY,+USA&authuser=0&hl=en&gl=US",5877141907870294203,https://lh5.googleusercontent.com/p/AF1QipM1v1jt9NaCxm-9Ffww5JfpvNREm3YD-Yogh6fl=w800-h500-k-no,https://lh5.googleusercontent.com/p/AF1QipM1v1jt9NaCxm-9Ffww5JfpvNREm3YD-Yogh6fl=w1600-h1000-k-no,"Monday: 12-3 PM,5-10 PM | Tuesday: 12-3 PM,5-10 PM | Wednesday: 12-3 PM,5-10 PM | Thursday: 12-3 PM,5-11 PM | Friday: 12-3 PM,5-11 PM | Saturday: 11 AM-3 PM,5-11 PM | Sunday: 11 AM-3 PM,5-10 PM","12-3 PM,5-10 PM","12-3 PM,5-10 PM","12-3 PM,5-10 PM","12-3 PM,5-11 PM","12-3 PM,5-11 PM","11 AM-3 PM,5-11 PM","11 AM-3 PM,5-10 PM",,,,,,,,,,,,,,,,,,,,,,,,,,,,,OPERATIONAL,,,True,,,True,True,True,,True,,True,True,True,True,True,True,True,True,True,True,True,,,True,,,,,True,,True,True,True,True,True,True,,,True,,,True,,True,,True,True,True,,True,,,$$$,7,4,13,42,204,https://www.sevenrooms.com/reservations/carnemare/gmb,https://www.sevenrooms.com/reservations/carnemare/gmb,,,114195997448554149035,True,Carne Mare,https://www.google.com/maps/contrib/114195997448554149035,"https://www.google.com/maps/place/Carne+Mare/@40.705645,-74.0021484,14z/data=!4m8!1m2!2m1!1sCarne+Mare!3m4!1s0x89c25b4603fda005:0x518fcd6d412ba0bb!8m2!3d40.705645!4d-74.0021484",,,,,,,,,True,,,,True,,,,,,,,,True,,,,,,,,,,,,,,,,,,,,,,,,,,,,,,,,,,,,,,,,,,,,,,,,,,,,,,,,,,,,,,,,,,,,,,,,,,,,,,,,,,,,,,,,,,,,,,,,,,
"restaurants, Manhattan, NY, USA",Pearl Diner,ChIJQ6hGfD1awokRebQ1HJwMDcw,0x89c25a3d7c46a843:0xcc0d0c9c1c35b479,"212 Pearl St, New York, NY 10038",Manhattan,212 Pearl St,10038,False,US,United States of America,New York,New York,New York,,40.7069432,-74.0062813,America/New_York,,http://www.pearldinerny.com/,+1 212-344-6620,Diner,https://lh6.googleusercontent.com/-_sZt3MI1xkE/AAAAAAAAAAI/AAAAAAAAAAA/v323ejOSXL8/s44-p-k-no-ns-nd/photo.jpg,Longtime diner (open more than 50 years) in a tiny space serving up breakfasts & burgers.,,,restaurants,"Diner, American restaurant, Breakfast restaurant, Restaurant",,,4.0,930,603,14703422223062250617,"https://search.google.com/local/reviews?placeid=ChIJQ6hGfD1awokRebQ1HJwMDcw&q=restaurants,+Manhattan,+NY,+USA&authuser=0&hl=en&gl=US",-3743321850647300999,https://lh5.googleusercontent.com/p/AF1QipMfrnTeYpHiVksBY-iirOYgBaeHlBGVLFlFQZOF=w800-h500-k-no,https://lh5.googleusercontent.com/p/AF1QipMfrnTeYpHiVksBY-iirOYgBaeHlBGVLFlFQZOF=w1600-h1000-k-no,Monday: 8 AM-4 PM | Tuesday: 8 AM-4 PM | Wednesday: 8 AM-4 PM | Thursday: 8 AM-4 PM | Friday: 8 AM-4 PM | Saturday: 8 AM-2 PM | Sunday: 8 AM-2 PM,8 AM-4 PM,8 AM-4 PM,8 AM-4 PM,8 AM-4 PM,8 AM-4 PM,8 AM-2 PM,8 AM-2 PM,,,,,,,,,,,,,,,,,,,,,,,,,,,,,OPERATIONAL,,,,,,True,True,True,,True,True,True,True,True,False,,False,,,,True,True,,,,,,,,,True,True,True,True,True,True,,True,True,True,,True,True,,True,True,,,True,True,True,,,$,76,44,101,246,463,,,,,117602466713081326160,True,Pearl Diner,https://www.google.com/maps/contrib/117602466713081326160,"https://www.google.com/maps/place/Pearl+Diner/@40.7069432,-74.0062813,14z/data=!4m8!1m2!2m1!1sPearl+Diner!3m4!1s0x89c25a3d7c46a843:0xcc0d0c9c1c35b479!8m2!3d40.7069432!4d-74.0062813",,,,,,,,False,,True,,,,,,,,,,,,,,,,,,,,,,,,,,,,,,,,,,,,,,,,,,,,,,,,,,,,,,,,,,,,,,,,,,,,,,True,,,,,,,,,,,,,,,,,,,,,,,,,,,,,,,,,,,,,,,,
"restaurants, Manhattan, NY, USA",Balthazar,ChIJt7fMLIlZwokRCRtM9bNDg78,0x89c259892cccb7b7:0xbf8343b3f54c1b09,"80 Spring St, New York, NY 10012",Manhattan,80 Spring St,10012,False,US,United States of America,New York,New York,New York,,40.722668,-73.99822979999999,America/New_York,,http://www.balthazarny.com/,+1 212-965-1414,French restaurant,https://lh4.googleusercontent.com/-EU3K-EAbaSE/AAAAAAAAAAI/AAAAAAAAAAA/MHIOrmeqc6Y/s44-p-k-no-ns-nd/photo.jpg,"Iconic French brasserie with steak frites, brunch & pastries in a classy space with red banquettes.",,,restaurants,"French restaurant, Bakery, Seafood restaurant",,,4.4,5887,5243,13799948123386944265,"https://search.google.com/local/reviews?placeid=ChIJt7fMLIlZwokRCRtM9bNDg78&q=restaurants,+Manhattan,+NY,+USA&authuser=0&hl=en&gl=US",-4646795950322607351,https://lh5.googleusercontent.com/p/AF1QipMPYp_acWrBa6fa2F0TsosyYI-wDt_rL9wFVcvC=w800-h500-k-no,https://lh5.googleusercontent.com/p/AF1QipMPYp_acWrBa6fa2F0TsosyYI-wDt_rL9wFVcvC=w1600-h1000-k-no,Monday: 8 AM-12 AM | Tuesday: 8 AM-12 AM | Wednesday: 8 AM-12 AM | Thursday: 8 AM-12 AM | Friday: 8 AM-12 AM | Saturday: 9 AM-12 AM | Sunday: 9 AM-12 AM,8 AM-12 AM,8 AM-12 AM,8 AM-12 AM,8 AM-12 AM,8 AM-12 AM,9 AM-12 AM,9 AM-12 AM,,,,,,,,,,,,,,,,,,,,,,,,,,,,,OPERATIONAL,,,True,,,True,True,True,True,True,True,True,True,True,True,True,True,True,True,True,True,,,True,True,,,,,True,True,True,True,True,True,True,True,True,True,True,,True,True,True,True,True,True,True,True,True,True,,,$$$,172,142,445,1400,3728,https://resy.com/cities/ny/balthazar-nyc,https://resy.com/cities/ny/balthazar-nyc,,,117724873759090509205,True,Balthazar,https://www.google.com/maps/contrib/117724873759090509205,"https://www.google.com/maps/place/Balthazar/@40.722668,-73.99822979999999,14z/data=!4m8!1m2!2m1!1sBalthazar!3m4!1s0x89c259892cccb7b7:0xbf8343b3f54c1b09!8m2!3d40.722668!4d-73.99822979999999",,,,,,,,False,True,,True,True,True,,,True,,,,True,True,True,,,,,,,,,,,,,,,,,,,,,,,True,,,,,,,,,,,,,,,,,,,,,,,,,,,,Closed,Closed,Closed,Closed,Closed,9 AM-4 PM,9 AM-4 PM,True,,,,,,,,,,,,,,,,,,,,,,,,,,,,,,,,,,,,,,,,
"restaurants, Manhattan, NY, USA",Industry Kitchen,ChIJcaQCwD1awokRuJEpTiEWOtw,0x89c25a3dc002a471:0xdc3a16214e2991b8,"70 10005 South St At, New York, NY 10005",Manhattan,70 10005 South St At,10005,False,US,United States of America,New York,New York,New York,,40.7049586,-74.0049023,America/New_York,,https://industry-kitchen.com/,+1 212-487-9600,American restaurant,https://lh3.googleusercontent.com/-pQ0f4dd6hS4/AAAAAAAAAAI/AAAAAAAAAAA/2wAfTjIa4Yw/s44-p-k-no-ns-nd/photo.jpg,"Industrial-chic New American restaurant offering wood-fired pizzas & mains, plus a river view.",,,restaurants,"American restaurant, Bar, Cocktail bar, New American restaurant, Pizza restaurant",,,4.3,2501,3677,15869020569294442936,"https://search.google.com/local/reviews?placeid=ChIJcaQCwD1awokRuJEpTiEWOtw&q=restaurants,+Manhattan,+NY,+USA&authuser=0&hl=en&gl=US",-2577723504415108680,https://lh5.googleusercontent.com/p/AF1QipORCJ5SepevuUz8grcWgO7eUtP99chTCrrsA0Yx=w800-h500-k-no,https://lh5.googleusercontent.com/p/AF1QipORCJ5SepevuUz8grcWgO7eUtP99chTCrrsA0Yx=w1600-h1000-k-no,Monday: 12-10 PM | Tuesday: 12-10 PM | Wednesday: 12-10 PM | Thursday: 12-10 PM | Friday: 12 PM-11 AM | Saturday: 12 PM-11 AM | Sunday: 12-10 PM,12-10 PM,12-10 PM,12-10 PM,12-10 PM,12 PM-11 AM,12 PM-11 AM,12-10 PM,,,,,,,,,,,,,,,,,,,,,,,,,,,,,OPERATIONAL,,,True,,True,True,True,True,,,,True,True,True,True,True,True,True,True,True,True,True,True,,True,,,True,True,True,True,True,True,True,True,True,True,,True,True,True,True,,True,True,True,True,True,True,True,True,,,$$,71,85,271,780,1294,https://www.industry-kitchen.com/#/form-reservations,,,,100671658151650254226,True,Industry Kitchen,https://www.google.com/maps/contrib/100671658151650254226,"https://www.google.com/maps/place/Industry+Kitchen/@40.7049586,-74.0049023,14z/data=!4m8!1m2!2m1!1sIndustry+Kitchen!3m4!1s0x89c25a3dc002a471:0xdc3a16214e2991b8!8m2!3d40.7049586!4d-74.0049023",,,,,,,,,True,True,,,,,,,,,,,,True,,,,,,,,,,,,,,,,,,,,,,,,,,,,,,,,,,,,,,,,,,,,,,,,,,True,Closed,Closed,Closed,Closed,Closed,11 AM-4 PM,11 AM-4 PM,,,True,https://www.industry-kitchen.com/#/form-reservations,,,,,,,,,,,,,,,,,,,,,,,,,,,,,,,,,,,,,
"restaurants, Manhattan, NY, USA",Estela,ChIJf3f-f4VZwokRcBCEciTOGRQ,0x89c259857ffe777f:0x1419ce2472841070,"47 E Houston St 1st floor, New York, NY 10012",Manhattan,47 E Houston St 1st floor,10012,False,US,United States of America,New York,New York,New York,,40.724641299999995,-73.994739,America/New_York,,http://estelanyc.com/,+1 212-219-7693,New American restaurant,https://lh4.googleusercontent.com/-HEGVGFA4hXU/AAAAAAAAAAI/AAAAAAAAAAA/z8tJWTs2u-4/s44-p-k-no-ns-nd/photo.jpg,"Stylish restaurant serving contemporary cuisine in an intimate, informal setting.",,,New American restaurant,"New American restaurant, Restaurant",,,4.5,961,1186,1448415411111727216,"https://search.google.com/local/reviews?placeid=ChIJf3f-f4VZwokRcBCEciTOGRQ&q=restaurants,+Manhattan,+NY,+USA&authuser=0&hl=en&gl=US",1448415411111727216,https://lh5.googleusercontent.com/p/AF1QipPIDMNHBYYtQ7aYVB7-kFVvTKbbUHC4dsFpth2U=w800-h500-k-no,https://lh5.googleusercontent.com/p/AF1QipPIDMNHBYYtQ7aYVB7-kFVvTKbbUHC4dsFpth2U=w1600-h1000-k-no,"Monday: 5:30-10:30 PM | Tuesday: 5:30-10:30 PM | Wednesday: 5:30-10:30 PM | Thursday: 5:30-10:30 PM | Friday: 5:30-10:30 PM | Saturday: 11:30 AM-2:30 PM,5:30-10:30 PM | Sunday: 11:30 AM-2:30 PM,5:30-10:30 PM",5:30-10:30 PM,5:30-10:30 PM,5:30-10:30 PM,5:30-10:30 PM,5:30-10:30 PM,"11:30 AM-2:30 PM,5:30-10:30 PM","11:30 AM-2:30 PM,5:30-10:30 PM",,,,,,,,,,,,,,,,,,,,,,,,,,,,,OPERATIONAL,,,,,,True,True,True,,True,,True,True,True,False,,False,True,True,True,True,,,,True,,,True,,True,True,True,True,True,True,True,True,,,True,,True,True,,,True,True,True,True,True,True,,,$$$,36,19,50,172,684,,,,,111259737905251662455,True,Estela,https://www.google.com/maps/contrib/111259737905251662455,"https://www.google.com/maps/place/Estela/@40.724641299999995,-73.994739,14z/data=!4m8!1m2!2m1!1sEstela!3m4!1s0x89c259857ffe777f:0x1419ce2472841070!8m2!3d40.724641299999995!4d-73.994739",,,,,,,,False,True,,,,True,,,True,,,,True,True,,,,,,,,,,,,,,,,,,,,,,,,,,,,,,,,,,,,,,,,,,,,,,,,,,,,Closed,Closed,Closed,Closed,Closed,11:30 AM-3 PM,11:30 AM-3 PM,,,,,,,,,,,,,,,,,,,,,,,,,,,,,,,,,,,,,,,,,
"restaurants, Manhattan, NY, USA",Harry's,ChIJoSqkgRZawokR_ZAqr3pOMO8,0x89c25a1681a42aa1:0xef304e7aaf2a90fd,"1 Hanover Square, New York, NY 10004",Manhattan,1 Hanover Square,10004,False,US,United States of America,New York,New York,New York,,40.704676299999996,-74.0097371,America/New_York,,https://www.harrysnyc.com/,+1 212-785-9200,Steak house,https://lh3.googleusercontent.com/-cmlfKZ93DjE/AAAAAAAAAAI/AAAAAAAAAAA/qL7sFlFDvuo/s44-p-k-no-ns-nd/photo.jpg,"Popular throwback in the historical India House with steaks, a wine cellar & an adjoining cafe.",,,restaurants,"Steak house, Restaurant",,,4.5,1236,1281,17235362062778667261,"https://search.google.com/local/reviews?placeid=ChIJoSqkgRZawokR_ZAqr3pOMO8&q=restaurants,+Manhattan,+NY,+USA&authuser=0&hl=en&gl=US",-1211382010930884355,https://lh5.googleusercontent.com/p/AF1QipNKQHmjf2mQSd7aQLDWF-hO6MX3_hJzwYB0EB3g=w800-h500-k-no,https://lh5.googleusercontent.com/p/AF1QipNKQHmjf2mQSd7aQLDWF-hO6MX3_hJzwYB0EB3g=w1600-h1000-k-no,Monday: Closed | Tuesday: 11:30 AM-12 AM | Wednesday: 11:30 AM-12 AM | Thursday: 11:30 AM-12 AM | Friday: 11:30 AM-12 AM | Saturday: 11:30 AM-12 AM | Sunday: 11:30 AM-5 PM,Closed,11:30 AM-12 AM,11:30 AM-12 AM,11:30 AM-12 AM,11:30 AM-12 AM,11:30 AM-12 AM,11:30 AM-5 PM,,,,,,,,,,,,,,,,,,,,,,,,,,,,,OPERATIONAL,,,,,True,True,True,True,True,True,,True,True,True,False,True,,True,True,True,True,True,,True,True,,,,True,True,,True,True,True,True,True,True,,True,True,True,,True,True,True,True,True,True,True,True,True,,,$$$,34,35,72,242,853,https://www.harrysnyc.com/reservations/,https://www.harrysnyc.com/reservations/,,,112015490673510260198,True,Harry's,https://www.google.com/maps/contrib/112015490673510260198,"https://www.google.com/maps/place/Harry%27s/@40.704676299999996,-74.0097371,14z/data=!4m8!1m2!2m1!1sHarry%27s!3m4!1s0x89c25a1681a42aa1:0xef304e7aaf2a90fd!8m2!3d40.704676299999996!4d-74.0097371",,,,,,,,False,True,,,True,True,True,True,True,,True,,True,,,https://resy.com/cities/ny/harrys,,,,,,,,,,,,,,,,,,,,,,,,,,,,,,,,,,,,,,,,,,,,,,,,,,,,,,,,,True,,,,11:30 AM-9 PM,11:30 AM-9 PM,11:30 AM-10 PM,11:30 AM-10 PM,11:30 AM-10 PM,11:30 AM-10 PM,11:30 AM-9 PM,,,,,,,,,,,,,,,,,,,,,,,,,,,,,,
"restaurants, Manhattan, NY, USA",Cowgirl SeaHorse,ChIJ24YpVTtawokRsFPSkHjTWoA,0x89c25a3b552986db:0x805ad37890d253b0,"259 Front St, New York, NY 10038",Manhattan,259 Front St,10038,False,US,United States of America,New York,New York,New York,,40.708233199999995,-74.0005406,America/New_York,,http://www.cowgirlseahorse.com/,+1 212-608-7873,Tex-Mex restaurant,https://lh6.googleusercontent.com/-NXk9CVPnzwE/AAAAAAAAAAI/AAAAAAAAAAA/S076ksQvou4/s44-p-k-no-ns-nd/photo.jpg,"Casual restaurant with offbeat nautical decor serving Southwestern faves, some with seafood twists.",,,Tex-Mex restaurant,"Tex-Mex restaurant, American restaurant, Mexican restaurant, Seafood restaurant, Southwestern restaurant (US)",,,4.3,1078,1307,9248937299537974192,"https://search.google.com/local/reviews?placeid=ChIJ24YpVTtawokRsFPSkHjTWoA&q=restaurants,+Manhattan,+NY,+USA&authuser=0&hl=en&gl=US",-9197806774171577424,https://lh5.googleusercontent.com/p/AF1QipP1Xu5uj9xn5aBSuNmuON4JulyODHtTIGX-6yoU=w800-h500-k-no,https://lh5.googleusercontent.com/p/AF1QipP1Xu5uj9xn5aBSuNmuON4JulyODHtTIGX-6yoU=w1600-h1000-k-no,Monday: 12 PM-4 AM | Tuesday: 12 PM-4 AM | Wednesday: 12 PM-4 AM | Thursday: 12 PM-4 AM | Friday: 12 PM-4 AM | Saturday: 11 AM-4 AM | Sunday: 11 AM-4 AM,12 PM-4 AM,12 PM-4 AM,12 PM-4 AM,12 PM-4 AM,12 PM-4 AM,11 AM-4 AM,11 AM-4 AM,,,,,,,,,,,,,,,Closed,Closed,Closed,Closed,Closed,11 AM-4 PM,11 AM-4 PM,,,,,,,,OPERATIONAL,,,,,True,True,True,True,,,,True,True,True,True,True,True,True,True,True,True,True,True,True,True,,,True,,True,,True,True,True,True,True,True,True,True,True,,True,True,,True,True,,True,True,True,True,,,$$,35,33,108,300,602,,,,,114405619101008523344,True,Cowgirl SeaHorse,https://www.google.com/maps/contrib/114405619101008523344,"https://www.google.com/maps/place/Cowgirl+SeaHorse/@40.708233199999995,-74.0005406,14z/data=!4m8!1m2!2m1!1sCowgirl+SeaHorse!3m4!1s0x89c25a3b552986db:0x805ad37890d253b0!8m2!3d40.708233199999995!4d-74.0005406",,,,,,,,False,True,True,,,,,,,,,,,,,,,,,,,,,,,,,,,,,,,,,,,,,,,,,,,,,,,,,,,,,,,,,,,,,,True,,,,,,,,,,,,12-10 PM,12-10 PM,12-10 PM,12-10 PM,12-10 PM,11 AM-10 PM,11 AM-10 PM,"12-3:45 PM,4-9:45 PM","12-3:45 PM,4-9:45 PM","12-3:45 PM,4-9:45 PM","12-3:45 PM,4-9:45 PM","12-3:45 PM,4-9:45 PM","11 AM-3:45 PM,4-9:45 PM","11 AM-3:45 PM,4-9:45 PM",True,True,,,,,,,,,,,,,,,,,,,,,
"restaurants, Manhattan, NY, USA",Barbalu Restaurant,ChIJC0yxuDxawokR93stpfZoc_A,0x89c25a3cb8b14c0b:0xf07368f6a52d7bf7,"225-227 Front St, New York, NY 10038",Manhattan,225-227 Front St,10038,False,US,United States of America,New York,New York,New York,,40.707429,-74.002145,America/New_York,,http://barbalu.com/,+1 646-918-6565,Italian restaurant,https://lh3.googleusercontent.com/-XnMKv9Kihtk/AAAAAAAAAAI/AAAAAAAAAAA/BP4DKzETnfU/s44-p-k-no-ns-nd/photo.jpg,Elevated Italian fare in a rustic-chic setting accented by exposed brick & reclaimed wood.,,,restaurants,Italian restaurant,,,4.4,460,528,17326307599966895095,"https://search.google.com/local/reviews?placeid=ChIJC0yxuDxawokR93stpfZoc_A&q=restaurants,+Manhattan,+NY,+USA&authuser=0&hl=en&gl=US",-1120436473742656521,https://lh5.googleusercontent.com/p/AF1QipPOMxwkPc3cvwGy5eVnzXJYMwPs3AKmAjhwkH3Y=w800-h500-k-no,https://lh5.googleusercontent.com/p/AF1QipPOMxwkPc3cvwGy5eVnzXJYMwPs3AKmAjhwkH3Y=w1600-h1000-k-no,Monday: 4-10 PM | Tuesday: 12-10 PM | Wednesday: 12-10 PM | Thursday: 12-10 PM | Friday: 12-11 PM | Saturday: 12-11 PM | Sunday: 11:30 AM-9:30 PM,4-10 PM,12-10 PM,12-10 PM,12-10 PM,12-11 PM,12-11 PM,11:30 AM-9:30 PM,,,,,,,,,,,,,,,,,,,,,,,,,,,,,OPERATIONAL,,,True,True,True,True,True,True,,True,,True,True,True,True,True,True,True,True,True,True,True,True,,True,True,True,,True,True,,True,True,True,True,True,True,True,True,True,True,True,True,True,True,True,True,True,True,True,True,,,$$,6,13,46,123,272,http://www.barbalu.com/reservations,http://www.barbalu.com/reservations,,,109736865736731529070,True,Barbalu Restaurant,https://www.google.com/maps/contrib/109736865736731529070,"https://www.google.com/maps/place/Barbalu+Restaurant/@40.707429,-74.002145,14z/data=!4m8!1m2!2m1!1sBarbalu+Restaurant!3m4!1s0x89c25a3cb8b14c0b:0xf07368f6a52d7bf7!8m2!3d40.707429!4d-74.002145",,,,,,,,,True,,True,,True,True,,,,True,,True,,True,https://www.opentable.com/restaurant/profile/141451?ref=1068,,,,,,,,,,,,,,,,,,,,,,,,,,,,,,,,,,,,,,,,,,,,,,,,,True,,,,,,,,,,,,,,,,,,,4:30-9:30 PM,4:30-9:30 PM,12-9:30 PM,12-9:30 PM,12-9:30 PM,11:30 AM-9:30 PM,12-9:30 PM,,,4-7 PM,4-7 PM,4-7 PM,4-7 PM,3-6 PM,3-6 PM,4-7 PM,4:30-9:30 PM,4:30-9:30 PM,12-9:30 PM,12-9:30 PM,12-10 PM,11:30 AM-10 PM,12-9:30 PM,Closed,Closed,Closed,Closed,Closed,11:30 AM-4 PM,11:30 AM-4 PM
"restaurants, Manhattan, NY, USA",The Smith,ChIJzd_ZRgJZwokRnzXTa1YVpko,0x89c2590246d9dfcd:0x4aa615566bd3359f,"956 2nd Ave, New York, NY 10022",Manhattan,956 2nd Ave,10022,False,US,United States of America,New York,New York,New York,,40.755202,-73.967987,America/New_York,,http://thesmithrestaurant.com/,+1 212-644-2700,American restaurant,https://lh3.googleusercontent.com/-DJUAeTN_fNI/AAAAAAAAAAI/AAAAAAAAAAA/fG9KG93SLAc/s44-p-k-no-ns-nd/photo.jpg,Trendy types gather for American eats & specialty drinks at this upbeat hangout & brunch favorite.,,,restaurants,"American restaurant, Breakfast restaurant, Brunch restaurant, Lunch restaurant, Oyster bar restaurant",,,4.4,4490,3492,5379010265861010847,"https://search.google.com/local/reviews?placeid=ChIJzd_ZRgJZwokRnzXTa1YVpko&q=restaurants,+Manhattan,+NY,+USA&authuser=0&hl=en&gl=US",5379010265861010847,https://lh5.googleusercontent.com/p/AF1QipMM_M_tdaPebiT4UxznS5vlPaPoaDUr3Tq6u8Ac=w800-h500-k-no,https://lh5.googleusercontent.com/p/AF1QipMM_M_tdaPebiT4UxznS5vlPaPoaDUr3Tq6u8Ac=w1600-h1000-k-no,Monday: 8 AM-11 PM | Tuesday: 8 AM-11 PM | Wednesday: 8 AM-11 PM | Thursday: 8 AM-11 PM | Friday: 8 AM-11 PM | Saturday: 9 AM-11 PM | Sunday: 9 AM-11 PM,8 AM-11 PM,8 AM-11 PM,8 AM-11 PM,8 AM-11 PM,8 AM-11 PM,9 AM-11 PM,9 AM-11 PM,,,,,,,,,,,,,,,,,,,,,,,,,,,,,OPERATIONAL,,,True,True,,True,True,True,True,True,True,True,True,True,True,True,True,True,True,True,True,True,True,True,True,True,True,True,True,True,True,True,True,True,True,True,True,True,True,True,True,True,,True,True,True,True,True,True,True,True,,,$$,113,110,373,1353,2541,https://thesmithrestaurant.com/location/midtown/,https://thesmithrestaurant.com/location/midtown/,,,109855376839667620174,True,The Smith,https://www.google.com/maps/contrib/109855376839667620174,"https://www.google.com/maps/place/The+Smith/@40.755202,-73.967987,14z/data=!4m8!1m2!2m1!1sThe+Smith!3m4!1s0x89c2590246d9dfcd:0x4aa615566bd3359f!8m2!3d40.755202!4d-73.967987",,,,,,,,False,True,,,,,,,True,,,,,True,True,https://www.opentable.com/restaurant/profile/72178?ref=1068,,,,,,,,,,,,,,,,,,,,,,True,,,,,,,,,,,,,,,,,,,,,,,True,,,,True,,,,,,,,,,,,,,,,,,,,,,,,,,True,True,3-6 PM,3-6 PM,3-6 PM,3-6 PM,3-6 PM,Closed,Closed,,,,,,,,,,,,,,
"restaurants, Manhattan, NY, USA",Carmine's Italian Restaurant - Times Square,ChIJR9So-lRYwokRX1xEjA0rChA,0x89c25854faa8d447:0x100a2b0d8c445c5f,"200 W 44th St, New York, NY 10036",Manhattan,200 W 44th St,10036,False,US,United States of America,New York,New York,New York,,40.757498,-73.986654,America/New_York,,https://www.carminesnyc.com/locations/times-square,+1 212-221-3800,Italian restaurant,https://lh6.googleusercontent.com/-ewlTAPDZSas/AAAAAAAAAAI/AAAAAAAAAAA/NepD1zARc6c/s44-p-k-no-ns-nd/photo.jpg,"Low-key eatery offering a big menu of pizza & Italian classics, plus a full bar.",,,restaurants,"Italian restaurant, Caterer, Delivery service, Family restaurant, Restaurant",,,4.5,13085,14561,1155783591561813087,"https://search.google.com/local/reviews?placeid=ChIJR9So-lRYwokRX1xEjA0rChA&q=restaurants,+Manhattan,+NY,+USA&authuser=0&hl=en&gl=US",1155783591561813087,https://lh5.googleusercontent.com/p/AF1QipOGGoomOHa-3fGpId4-urQHfMk9hc5731S9NCiN=w800-h500-k-no,https://lh5.googleusercontent.com/p/AF1QipOGGoomOHa-3fGpId4-urQHfMk9hc5731S9NCiN=w1600-h1000-k-no,Monday: 11:30 AM-11 PM | Tuesday: 11:30 AM-11 PM | Wednesday: 11:30 AM-11 PM | Thursday: 11:30 AM-11 PM | Friday: 11:30 AM-12 AM | Saturday: 11:30 AM-12 AM | Sunday: 11:30 AM-11 PM,11:30 AM-11 PM,11:30 AM-11 PM,11:30 AM-11 PM,11:30 AM-11 PM,11:30 AM-12 AM,11:30 AM-12 AM,11:30 AM-11 PM,,,,,,,,,,,,,,,,,,,,,,,,,,,,,OPERATIONAL,,,,True,True,True,True,True,,True,,True,True,,True,True,True,True,True,True,True,True,True,,True,,,,,True,,True,True,True,True,True,True,True,True,True,True,True,True,True,True,True,True,True,True,True,True,,,$$,361,235,813,2639,9037,https://www.carminesnyc.com/locations/times-square,,,,107712532148225729261,True,Carmine's Italian Restaurant - Times Square,https://www.google.com/maps/contrib/107712532148225729261,"https://www.google.com/maps/place/Carmine%27s+Italian+Restaurant+-+Times+Square/@40.757498,-73.986654,14z/data=!4m8!1m2!2m1!1sCarmine%27s+Italian+Restaurant+-+Times+Square!3m4!1s0x89c25854faa8d447:0x100a2b0d8c445c5f!8m2!3d40.757498!4d-73.986654",,,,,,,,False,True,,True,,,True,True,True,,True,,,True,True,,,,,,,,,,,,,,,,,,,,,,,,,,,,,,,,,,,,,,,,,,,,,,,,,,,,,,,,,,True,True,,https://www.carminesnyc.com/locations/times-square,,,,,,,,,,,,,,,True,,,,,,,,,,,,,,,,,,,,,,
"restaurants, Manhattan, NY, USA",Veselka,ChIJlxDiXJxZwokRp4HHbeYqXXU,0x89c2599c5ce21097:0x755d2ae66dc781a7,"144 2nd Ave, New York, NY 10003",Manhattan,144 2nd Ave,10003,False,US,United States of America,New York,New York,New York,,40.729015499999996,-73.9871139,America/New_York,,https://www.veselka.com/?utm_source=google&utm_medium=gmb&utm_campaign=veselka,+1 212-228-9682,Ukrainian restaurant,https://lh3.googleusercontent.com/-560plyIzZdo/AAAAAAAAAAI/AAAAAAAAAAA/cv5jxU4uOxA/s44-p-k-no-ns-nd/photo.jpg,Borscht & pierogi are menu highlights at this no-frills Ukrainian eatery.,,,restaurants,"Ukrainian restaurant, Breakfast restaurant, Diner, Hamburger restaurant, Lunch restaurant, Delivery Restaurant, Takeout Restaurant, Restaurant, Sandwich shop",,,4.6,6042,5346,8456962844444295591,"https://search.google.com/local/reviews?placeid=ChIJlxDiXJxZwokRp4HHbeYqXXU&q=restaurants,+Manhattan,+NY,+USA&authuser=0&hl=en&gl=US",8456962844444295591,https://lh5.googleusercontent.com/p/AF1QipO9FUWmAlLpbqdCNmPYGRxUDeljYU7eASQrA8Gv=w800-h500-k-no,https://lh5.googleusercontent.com/p/AF1QipO9FUWmAlLpbqdCNmPYGRxUDeljYU7eASQrA8Gv=w1600-h1000-k-no,Monday: 8 AM-11 PM | Tuesday: 8 AM-11 PM | Wednesday: 8 AM-11 PM | Thursday: 8 AM-11 PM | Friday: 8 AM-12 AM | Saturday: 8 AM-12 AM | Sunday: 8 AM-11 PM,8 AM-11 PM,8 AM-11 PM,8 AM-11 PM,8 AM-11 PM,8 AM-12 AM,8 AM-12 AM,8 AM-11 PM,,,,,,,,,,,,,,,,,,,,,,,,,,,,,OPERATIONAL,,,True,,,True,True,True,,True,True,True,True,True,True,True,True,True,True,True,True,True,,,,True,,True,True,True,True,True,True,True,True,True,,True,True,True,,True,True,,True,True,,True,True,True,True,,,$$,112,121,341,1201,4267,,,,,101183567786896189438,True,Veselka,https://www.google.com/maps/contrib/101183567786896189438,"https://www.google.com/maps/place/Veselka/@40.729015499999996,-73.9871139,14z/data=!4m8!1m2!2m1!1sVeselka!3m4!1s0x89c2599c5ce21097:0x755d2ae66dc781a7!8m2!3d40.729015499999996!4d-73.9871139",,,,,,,,False,True,True,True,,,,,True,,,,,True,True,,,,,,,,,,,,,,,,,,,,,,,,,,,,,,,,,,,,,,,,,,,,,,,,,,True,Closed,Closed,Closed,Closed,Closed,8 AM-4 PM,8 AM-4 PM,True,,,,,,,,,,,,,,,,,,,True,,,,,,,,,,,,,,,,,,,,,
"restaurants, Manhattan, NY, USA",Hearth,ChIJQTZ0-Z1ZwokRhl9v1FaVF0A,0x89c2599df9743641:0x40179556d46f5f86,"403 E 12th St, New York, NY 10009",Manhattan,403 E 12th St,10009,False,US,United States of America,New York,New York,New York,,40.7300263,-73.9831883,America/New_York,,http://restauranthearth.com/,+1 646-602-1300,Fine dining restaurant,https://lh6.googleusercontent.com/-ma90NM4xI4g/AAAAAAAAAAI/AAAAAAAAAAA/y13mzAzNWPM/s44-p-k-no-ns-nd/photo.jpg,Upscale Tuscan-American restaurant in a warm setting with an open kitchen & a large wine list.,,,restaurants,"Fine dining restaurant, American restaurant, Brunch restaurant, Italian restaurant, New American restaurant, Restaurant, Tuscan restaurant",,,4.5,698,743,4618324143055527814,"https://search.google.com/local/reviews?placeid=ChIJQTZ0-Z1ZwokRhl9v1FaVF0A&q=restaurants,+Manhattan,+NY,+USA&authuser=0&hl=en&gl=US",4618324143055527814,https://lh5.googleusercontent.com/p/AF1QipNqdSz19ndCuUd2LVhltMvPi1TjIOQJVmbMVoMz=w800-h500-k-no,https://lh5.googleusercontent.com/p/AF1QipNqdSz19ndCuUd2LVhltMvPi1TjIOQJVmbMVoMz=w1600-h1000-k-no,"Monday: 5-9 PM | Tuesday: 5-9 PM | Wednesday: 2-9 PM | Thursday: 2-9 PM | Friday: 2-9:30 PM | Saturday: 12-3 PM,5-9:30 PM | Sunday: 12-3:30 PM,5-9 PM",5-9 PM,5-9 PM,2-9 PM,2-9 PM,2-9:30 PM,"12-3 PM,5-9:30 PM","12-3:30 PM,5-9 PM",,,,,,,,,,,,,,,,,,,,,,,,,,,,,OPERATIONAL,,,True,,,True,True,True,,True,,True,True,True,True,True,True,True,True,True,True,True,,,True,True,True,True,True,True,,True,True,True,True,,True,,True,True,,,True,True,True,True,True,True,True,True,True,,,$$,14,19,62,140,463,,,,,108513095461897142219,True,Hearth,https://www.google.com/maps/contrib/108513095461897142219,"https://www.google.com/maps/place/Hearth/@40.7300263,-73.9831883,14z/data=!4m8!1m2!2m1!1sHearth!3m4!1s0x89c2599df9743641:0x40179556d46f5f86!8m2!3d40.7300263!4d-73.9831883",,,,,,,,False,,,,True,True,True,True,True,,True,,True,True,True,,,,,,,,,,,,,,,,,,,,,,,,,,,,,,,,,,,,,,,,,,,,,,,,,,,Closed,Closed,Closed,Closed,Closed,12-3 PM,12-3:30 PM,,,,,,,,,,,,,,,,,,,,,,,,,,,,,,,,,,,,,,,,,
